,P,Q,t
28576,5.630359767891682,51700.0,106.04.07
28593,5.65603108201838,92272.0,106.04.08
28610,5.749770052012046,73060.0,106.04.09
28643,5.825981901009604,32488.0,106.04.09
28647,4.523165236713783,48603.0,106.04.11
28664,4.693980165215249,89338.0,106.04.12
28683,4.572082472609367,76486.0,106.04.13
28702,4.380560387084532,63242.0,106.04.14
28719,5.273268769009125,62470.0,106.04.15
28737,5.082170015997896,91262.0,106.04.16
28770,4.641444130554519,56283.0,106.04.16
28774,4.741754195573815,51602.0,106.04.18
28791,4.645512840243365,97467.0,106.04.19
28809,4.408357464039362,84954.0,106.04.20
28827,4.1966042154566745,77714.0,106.04.21
28844,3.856024467045496,82887.0,106.04.22
28862,4.000537450946937,70332.0,106.04.23
28895,4.659723820483314,26070.0,106.04.23
28899,7.713767754796909,32104.0,106.04.25
28916,7.110703772267913,65902.0,106.04.26
28934,7.031249814853217,67514.0,106.04.27
28953,6.960981918762485,78092.0,106.04.28
28971,7.168112927191678,80760.0,106.04.29
28989,7.934285360109087,80670.0,106.04.30
29022,7.926161766698279,44286.0,106.04.30
29026,7.916537184172113,51036.5,106.05.02
29043,7.963627251176954,105250.5,106.05.03
29061,7.668781310041609,84837.0,106.05.04
29079,7.00441087613293,61235.0,106.05.05
29096,7.439616257846238,67389.0,106.05.06
29114,8.348066136520071,68283.0,106.05.07
29147,8.92353202564591,31506.0,106.05.07
29151,8.434376321353065,47300.0,106.05.09
29168,8.309763817080178,92259.0,106.05.10
29185,7.728875090118375,85998.0,106.05.11
29203,6.5562093589652655,84582.0,106.05.12
29221,5.634318617187152,89788.0,106.05.13
29239,5.707682456763199,78868.0,106.05.14
29274,6.186840572602152,32623.0,106.05.14
29278,6.100858742999378,40175.0,106.05.16
29296,5.875532831619464,87035.0,106.05.17
29313,5.699606458707101,86395.0,106.05.18
29330,5.619299703401078,86649.0,106.05.19
29347,5.709930916357408,87575.0,106.05.20
29366,5.940728989219906,76901.0,106.05.21
29400,5.97049945115258,36440.0,106.05.21
29404,6.547698826174366,46259.0,106.05.23
29421,6.371397961547371,86340.0,106.05.24
29438,6.143458684232469,83951.0,106.05.25
29455,6.4084395263250125,79886.0,106.05.26
29472,6.378515191688537,73922.0,106.05.27
29491,5.984836044542516,77948.0,106.05.28
29509,5.917308377408128,72982.0,106.05.29
29527,6.161231281198004,72120.0,106.05.30
29563,6.403675344563553,39180.0,106.05.30
29585,6.19245946641503,58285.0,106.06.02
29602,7.505502967286282,101945.0,106.06.03
29621,11.586164209399325,89666.0,106.06.04
29654,13.795244098595836,46006.0,106.06.04
29658,16.693921921921923,83250.0,106.06.06
29675,14.776869885083697,140276.0,106.06.07
29692,10.512695795548227,101892.0,106.06.08
29709,9.027040653008964,74976.0,106.06.09
29726,11.153683571546823,72484.0,106.06.10
29745,12.286059069290802,76114.0,106.06.11
29780,12.311810906935388,33740.0,106.06.11
29785,11.69947926637822,52234.0,106.06.13
29802,12.49024332977588,93700.0,106.06.14
29819,13.714809699201965,78192.0,106.06.15
29835,15.38695600238901,75345.0,106.06.16
29851,17.239370154456395,83195.0,106.06.17
29868,16.97211170793882,87872.0,106.06.18
29901,16.24424889135255,43296.0,106.06.18
29907,15.976932515337424,44825.0,106.06.20
29923,17.444402717958948,85211.0,106.06.21
29939,18.167639930265192,70553.0,106.06.22
29955,17.82437096471951,58701.0,106.06.23
29972,19.715231540759717,56232.0,106.06.24
29990,20.25938302437652,56858.0,106.06.25
30025,19.825,29160.0,106.06.25
30031,20.310568044025743,53605.0,106.06.27
30048,20.007834938101787,90875.0,106.06.28
30064,18.56980091471617,74340.0,106.06.29
30080,18.13201129335843,59504.0,106.06.30
30096,18.690395651432794,52799.0,106.07.01
30113,18.61335646140503,51885.0,106.07.02
30146,18.904832713754644,21520.0,106.07.02
30152,20.46653828377754,32455.0,106.07.04
30168,19.82957658876397,64311.0,106.07.05
30184,19.02406742651073,60451.0,106.07.06
30200,18.23907184338865,58029.0,106.07.07
30216,17.867529611104782,61379.0,106.07.08
30233,17.14222235249289,68234.0,106.07.09
30266,16.323979718371955,36289.0,106.07.09
30272,17.5673200326683,42855.0,106.07.11
30288,17.025295505275974,78848.0,106.07.12
30305,15.412714955706097,61408.0,106.07.13
30322,14.70633862733976,49364.0,106.07.14
30339,16.226299467275496,52560.0,106.07.15
30356,17.499882037360226,61884.0,106.07.16
30389,18.00772698584438,33273.0,106.07.16
30394,18.963897935487523,35311.0,106.07.18
30411,18.65312316789226,59699.0,106.07.19
30427,17.910136638068003,47205.0,106.07.20
30443,18.45002172073988,43737.0,106.07.21
30459,19.762472978815392,50886.0,106.07.22
30476,20.63604072933933,59122.0,106.07.23
30511,21.259775003429827,29156.0,106.07.23
30516,22.995517945228777,35274.0,106.07.25
30534,22.19088191984137,68589.0,106.07.26
30551,21.848965670852245,71834.0,106.07.27
30567,21.020560093348887,77130.0,106.07.28
30583,22.18586547908924,93636.0,106.07.29
30600,22.90052296917477,86812.0,106.07.30
30633,21.183760656872305,31787.0,106.07.30
30639,25.83689045936396,14150.0,106.08.01
30655,23.16435733819508,32910.0,106.08.02
30671,18.770864317932464,41015.0,106.08.03
30687,16.58319994649665,44857.0,106.08.04
30703,18.599479735137887,54972.0,106.08.05
30720,19.54042109714838,66208.0,106.08.06
30754,18.97317217329629,33838.0,106.08.06
30760,17.24053159146323,33221.0,106.08.08
30777,17.07510297330198,59967.0,106.08.09
30793,16.89972885414466,56796.0,106.08.10
30809,17.432847431884273,53989.0,106.08.11
30826,17.835804646752013,52725.0,106.08.12
30843,18.56888967530744,56515.0,106.08.13
30876,19.530743986440196,27729.0,106.08.13
30882,24.94995139653943,30862.0,106.08.15
30898,23.39487443215908,58335.0,106.08.16
30914,20.850279401022647,54760.0,106.08.17
30930,19.95228099233068,55546.0,106.08.18
30946,21.36994292657192,62551.0,106.08.19
30963,22.14533759762418,70039.0,106.08.20
30995,21.696050018183342,35747.0,106.08.20
31000,18.87434051824761,51404.0,106.08.22
31017,18.267712651577284,90218.0,106.08.23
31035,16.64319834493832,64771.0,106.08.24
31052,15.488764385731375,59347.0,106.08.25
31068,15.64401913875598,79420.0,106.08.26
31084,15.11310601212786,82042.5,106.08.27
31116,14.343464074973967,36012.5,106.08.27
31122,15.338463212886374,27564.0,106.08.29
31140,14.939924513176791,59878.0,106.08.30
31157,15.74813338601886,58207.0,106.08.31
31174,16.648859878456296,57757.0,106.09.01
31190,15.33344921224206,76229.0,106.09.02
31207,14.232388449216014,94262.0,106.09.03
31223,13.889142092860324,78505.0,106.09.04
31240,14.368081773636437,74694.0,106.09.05
31275,14.587560213513866,46086.0,106.09.05
31297,13.675337700633907,56633.0,106.09.08
31314,12.845245531446054,109823.0,106.09.09
31331,12.453151984849889,97161.0,106.09.10
31365,13.047979350026152,43971.0,106.09.10
31370,17.77205882352941,48960.0,106.09.12
31387,19.161234266391133,127752.0,106.09.13
31404,18.373364330787112,114418.0,106.09.14
31420,14.02179880563529,60618.0,106.09.15
31436,13.572744201109176,49406.0,106.09.16
31453,13.943518349794086,54878.0,106.09.17
31485,13.790480567226892,30464.0,106.09.17
31490,13.81476411635297,40910.0,106.09.19
31506,13.138283093053737,76300.0,106.09.20
31522,11.386653851434849,72830.0,106.09.21
31540,9.80815126847174,73829.0,106.09.22
31558,11.297797519896356,70239.0,106.09.23
31575,11.765278310414727,73012.0,106.09.24
31607,10.152328788110925,39162.0,106.09.24
31612,10.49445073612684,35320.0,106.09.26
31628,10.740314395345958,64632.0,106.09.27
31645,11.753016366025564,50226.0,106.09.28
31662,12.294820155475891,49654.0,106.09.29
31678,12.294454929450886,55635.0,106.09.30
31695,11.3768632765138,70105.0,106.10.01
31726,10.58220319370516,43210.0,106.10.01
31732,10.810179894870874,61258.0,106.10.03
31749,11.4909583358505,99318.0,106.10.04
31787,12.586678928008409,38060.0,106.10.04
31809,12.19599489545499,50935.0,106.10.07
31826,12.90081423564303,92725.0,106.10.08
31858,13.759870782483848,41790.0,106.10.08
31863,12.674872928176796,45250.0,106.10.10
31881,13.37929400024947,80170.0,106.10.11
31898,14.338466014051113,68749.0,106.10.12
31914,14.94723790392408,57746.0,106.10.13
31930,17.3563664429818,46643.0,106.10.14
31948,21.611027740856667,46646.0,106.10.15
31981,24.0377508361204,23920.0,106.10.15
31986,15.13146001668306,80321.0,106.10.17
32002,14.019959930049708,145246.0,106.10.18
32018,12.614646977298015,102458.0,106.10.19
32034,14.013677550272677,70963.0,106.10.20
32050,15.306567328213058,78251.0,106.10.21
32069,15.107063133776457,88162.0,106.10.22
32103,15.160353937380307,43341.0,106.10.22
32109,20.972675000715167,34957.0,106.10.24
32125,21.377730692961727,73626.0,106.10.25
32141,21.231383544868788,87377.0,106.10.26
32157,21.54989942857143,87500.0,106.10.27
32173,21.349531483409525,88364.0,106.10.28
32191,20.76295764068062,91857.0,106.10.29
32224,21.094704978124632,42285.0,106.10.29
32229,22.10417452533635,39765.0,106.10.31
32245,20.579641528156788,80620.0,106.11.01
32261,19.760722234285097,73688.0,106.11.02
32278,18.987487375460624,73270.0,106.11.03
32295,17.703898305084746,83780.0,106.11.04
32314,17.428987087517932,87125.0,106.11.05
32349,17.142003563108126,43782.0,106.11.05
32354,18.31631304622513,37988.0,106.11.07
32371,19.36783132981313,80109.0,106.11.08
32388,20.27445371997657,68280.0,106.11.09
32405,20.28042063094642,57913.0,106.11.10
32422,19.759103002660584,68406.0,106.11.11
32440,17.62944987227767,75946.0,106.11.12
32474,16.112963811268894,39294.0,106.11.12
32479,17.89788695356248,32323.0,106.11.14
32496,19.07214840193219,64797.0,106.11.15
32513,18.76706736756552,76283.0,106.11.16
32530,17.161338568408343,82775.0,106.11.17
32547,15.780421694000918,83046.0,106.11.18
32565,15.764205430598292,77671.0,106.11.19
32600,16.675505343693253,33591.0,106.11.19
32606,16.04471651231082,44270.0,106.11.21
32623,15.8743917603172,85246.0,106.11.22
32640,14.944447763251617,87046.0,106.11.23
32657,14.290680238106058,88028.0,106.11.24
32674,13.642007684263175,87972.0,106.11.25
32692,12.7805365216986,85812.0,106.11.26
32726,12.479599477360674,39798.0,106.11.26
32731,13.729221531203088,46630.0,106.11.28
32748,12.234133899703224,105467.0,106.11.29
32765,10.94066235059761,96384.0,106.11.30
32782,10.285150411236716,79881.0,106.12.01
32799,10.116346165338047,83671.0,106.12.02
32817,10.504642412358566,75478.0,106.12.03
32852,10.650294367476054,34141.0,106.12.03
32858,12.546484233921376,35995.0,106.12.05
32875,13.175079194120627,63136.0,106.12.06
32892,14.447664871003884,65157.0,106.12.07
32909,15.342333099086432,71150.0,106.12.08
32926,16.097601921630222,75769.0,106.12.09
32944,16.938622115731775,91401.0,106.12.10
32978,17.61389902801132,48766.0,106.12.10
32983,18.396060710450055,49349.0,106.12.12
33000,19.132874997018625,83854.0,106.12.13
33017,19.741123561767235,73267.0,106.12.14
33034,20.55267765533599,75047.0,106.12.15
33051,22.17394402472528,69888.0,106.12.16
33069,26.293763237348475,66573.0,106.12.17
33102,30.128811040339706,32970.0,106.12.17
33107,29.540236066489733,42954.0,106.12.19
33126,29.831189601032108,82162.0,106.12.20
33144,30.867613628420035,71527.0,106.12.21
33161,32.089896988906496,63100.0,106.12.22
33178,31.451744588614257,66434.0,106.12.23
33196,30.17035141816635,75238.0,106.12.24
33231,29.79955286093217,39585.0,106.12.24
33235,24.20124721723037,37283.0,106.12.26
33253,24.95900616083009,74016.0,106.12.27
33270,26.507042786250302,66096.0,106.12.28
33287,26.202425850078345,72758.0,106.12.29
33304,23.78152335683053,86677.0,106.12.30
33322,21.00772912992518,91291.0,106.12.31
33341,19.9129913141286,48009.0,107.01.01
33360,19.42512563994176,42582.0,107.01.02
33381,17.946826298701303,86240.0,107.01.03
33399,15.45031566636035,83791.0,107.01.04
33416,15.884438422671971,70854.0,107.01.05
33433,18.61458472158149,58527.0,107.01.06
33451,20.83497879451968,63427.0,107.01.07
33470,21.995356671626286,35621.0,107.01.08
33490,19.91538251415876,54913.0,107.01.09
33507,21.61862173351734,89852.0,107.01.10
33524,20.77844896879419,98283.0,107.01.11
33541,15.785163149709652,140178.0,107.01.12
33558,13.48147695421987,128440.0,107.01.13
33576,13.460783737024222,115600.0,107.01.14
33595,13.187689470887896,63994.0,107.01.15
33615,11.026513667592456,68410.0,107.01.16
33632,11.285939681260718,106733.0,107.01.17
33649,11.680302674494456,76650.0,107.01.18
33667,11.428805416643254,71188.0,107.01.19
33685,11.210537795651286,73355.0,107.01.20
33703,11.351170775082744,80972.0,107.01.21
33722,11.495997825979543,40478.0,107.01.22
33742,11.41727764169271,47356.0,107.01.23
33759,10.044765669861745,90556.0,107.01.24
33776,8.510239877054659,89796.0,107.01.25
33793,8.256959621612808,85838.0,107.01.26
33810,8.600658862201206,69362.0,107.01.27
33828,9.215188356924168,67611.0,107.01.28
33847,9.0688912005548,37491.0,107.01.29
33867,12.592460347290084,39909.0,107.01.30
33884,12.26682078765164,85647.0,107.01.31
33901,11.543662571819572,93898.5,107.02.01
33919,11.327596820977556,90153.5,107.02.02
33937,12.2067003552309,99935.0,107.02.03
33955,11.998480082517112,117309.0,107.02.04
33974,11.336380480738455,59367.0,107.02.05
33994,10.57317426313068,67685.0,107.02.06
34011,11.122149345433035,113281.0,107.02.07
34029,12.696075660141805,84906.0,107.02.08
34046,15.70981321401623,75541.0,107.02.09
34065,17.998563603286616,100042.0,107.02.10
34083,15.948410437102607,137931.0,107.02.11
34101,14.797500052387836,143163.0,107.02.12
34119,14.007042781565463,144034.0,107.02.13
34136,12.761653132055129,148385.0,107.02.14
34153,12.818931190656828,86994.0,107.02.15
34173,12.70447794117647,13600.0,107.02.16
34194,0.0,0.0,107.02.17
34215,0.0,0.0,107.02.18
34236,0.0,0.0,107.02.19
34257,0.0,0.0,107.02.20
34277,12.691087072972646,57871.0,107.02.21
34297,12.380544956292493,115312.0,107.02.22
34315,12.90201010554888,109049.0,107.02.23
34332,13.830642536040925,51608.0,107.02.24
34351,0.0,0.0,107.02.25
34370,0.0,0.0,107.02.26
34390,12.241847951813424,116713.0,107.02.27
34407,11.054148638119392,180963.0,107.02.28
34424,7.673677996422183,139750.0,107.03.01
34441,7.0248669068188345,125476.0,107.03.02
34458,7.367356178786774,93206.0,107.03.03
34478,7.642948948409133,89008.0,107.03.04
34498,8.175687011228101,45778.0,107.03.05
34518,0.0,0.0,107.03.06
34535,0.0,0.0,107.03.07
34552,8.601864834846094,141353.0,107.03.08
34569,8.544349987427223,206796.0,107.03.09
34586,8.295813865536285,126919.0,107.03.10
34604,8.03092148477821,149194.0,107.03.11
34623,7.938016142638911,87718.0,107.03.12
34643,6.626031032482598,68960.0,107.03.13
34660,6.555293286584368,116081.0,107.03.14
34677,6.360954114998007,92819.0,107.03.15
34694,6.045055684358698,96616.0,107.03.16
34711,5.922669367024849,95296.0,107.03.17
34729,6.001997963858488,94296.0,107.03.18
34749,5.993895989422653,49918.0,107.03.19
34770,6.196621135873474,57031.0,107.03.20
34788,6.01571114287742,98637.0,107.03.21
34805,5.267597846646296,103095.0,107.03.22
34822,4.712705514028214,107961.0,107.03.23
34839,4.977198282372743,92686.0,107.03.24
34857,5.790582004744304,90635.0,107.03.25
34876,6.06043087728777,44421.0,107.03.26
34896,5.7153620441415,54869.0,107.03.27
34913,5.920394750065322,99506.0,107.03.28
34930,5.696703931962258,102061.0,107.03.29
34947,5.679063143636466,107786.0,107.03.30
34964,5.661041337596796,103828.0,107.03.31
34983,4.992826093027154,107431.0,107.04.01
35003,4.722329287501159,53965.0,107.04.02
35024,4.706363282643235,61682.0,107.04.03
35041,5.241513144836794,110842.0,107.04.04
35060,5.91297599674532,49160.0,107.04.05
35080,0.0,0.0,107.04.06
35101,7.115085759301035,55854.0,107.04.07
35119,6.394657892190071,113663.0,107.04.08
35138,5.698593644588214,57809.0,107.04.09
35158,6.24500619764865,53246.0,107.04.10
35175,5.84006372272842,102946.0,107.04.11
35192,5.523440193036884,87030.0,107.04.12
35209,5.264127880919721,73631.0,107.04.13
35226,5.360492277745051,78086.0,107.04.14
35244,5.693876692235556,83174.0,107.04.15
35263,5.571303969653773,41389.0,107.04.16
35283,6.013147937448734,37793.0,107.04.17
35301,6.887296992834121,63914.0,107.04.18
35319,6.910283451438099,71970.0,107.04.19
35336,5.959576956379951,88927.0,107.04.20
35353,5.378556362237943,85811.0,107.04.21
35371,5.280393276031874,89352.0,107.04.22
35390,5.488071387202643,46619.0,107.04.23
35410,5.289576797201218,44305.0,107.04.24
35427,4.919899733875154,90559.0,107.04.25
35444,5.100719756999472,75720.0,107.04.26
35461,5.522901632556489,67624.0,107.04.27
35478,5.522442535163086,76003.0,107.04.28
35496,5.413273562957499,88115.0,107.04.29
35515,5.086713745772826,50270.0,107.04.30
35535,5.269749381415516,40819.0,107.05.01
35553,5.153555355535554,75548.0,107.05.02
35571,5.294429724105926,66801.0,107.05.03
35588,5.557557735718007,69108.0,107.05.04
35605,5.2832589084638455,77707.0,107.05.05
35623,5.138625996290541,79796.0,107.05.06
35642,5.21735463258786,39125.0,107.05.07
35662,5.242572599139375,38809.0,107.05.08
35679,5.806769710832859,75631.0,107.05.09
35696,6.172056716192776,79554.0,107.05.10
35713,5.828917958732324,85006.0,107.05.11
35730,5.803411553392433,86295.0,107.05.12
35748,5.773426605452068,87343.0,107.05.13
35767,5.624324823415355,43322.0,107.05.14
35787,6.208922413793103,41760.0,107.05.15
35804,5.512446486607645,89230.0,107.05.16
35822,5.152553837964915,90178.0,107.05.17
35840,5.386522847307985,76114.0,107.05.18
35857,5.462804126772062,67365.0,107.05.19
35875,6.405650989412552,61299.0,107.05.20
35894,7.4100950987564,27340.0,107.05.21
35914,8.138180663597398,31495.0,107.05.22
35932,8.204868475416607,72610.0,107.05.23
35949,8.116738235706368,78479.0,107.05.24
35966,8.455222172865433,74289.0,107.05.25
35983,8.959916570847929,74794.0,107.05.26
36001,8.827952702519458,73746.0,107.05.27
36020,8.681277698804248,35877.0,107.05.28
36040,10.133802486511849,42630.0,107.05.29
36057,11.1540964064867,80534.0,107.05.30
36075,12.043018173452957,73899.0,107.05.31
36093,11.289305985373096,72059.0,107.06.01
36110,11.47547757475083,72240.0,107.06.02
36128,12.683270924717377,84123.0,107.06.03
36147,13.09311114355434,47947.0,107.06.04
36167,13.353710678478595,56553.0,107.06.05
36184,13.230228915415957,97678.0,107.06.06
36201,11.658691048398609,84052.0,107.06.07
36218,10.49476597011962,80588.0,107.06.08
36235,10.445976071932822,80742.0,107.06.09
36253,9.600392915922946,86278.0,107.06.10
36272,8.97746371275783,43197.0,107.06.11
36292,8.798026116003646,49395.0,107.06.12
36309,8.993498858693311,92876.0,107.06.13
36326,9.450748154775216,89420.0,107.06.14
36343,9.917220167215609,98675.0,107.06.15
36359,9.45968988131588,112989.0,107.06.16
36376,8.226139352052634,108373.0,107.06.17
36394,7.612626503470566,94365.0,107.06.18
36414,7.817439723213321,46245.0,107.06.19
36435,0.0,0.0,107.06.20
36454,8.435812133072409,40880.0,107.06.21
36470,6.9818770226537215,91155.0,107.06.22
36485,6.311311383928572,89600.0,107.06.23
36502,8.500508711687653,78630.0,107.06.24
36521,10.036343976593308,39305.0,107.06.25
36541,8.757580442554836,51745.0,107.06.26
36557,8.695019051553965,108915.0,107.06.27
36573,7.961637909095536,98235.0,107.06.28
36589,6.422983376101752,89630.0,107.06.29
36605,6.346196063588191,79260.0,107.06.30
36622,8.754846831724718,59575.0,107.07.01
36641,10.59584487534626,28880.0,107.07.02
36661,11.32597202335059,45395.0,107.07.03
36677,11.29383107523782,86725.0,107.07.04
36692,11.135629425177006,83330.0,107.07.05
36707,11.833514127144298,79280.0,107.07.06
36723,12.55222081495392,91588.0,107.07.07
36740,13.217793830425478,107009.0,107.07.08
36759,14.04781882696723,52701.0,107.07.09
36779,15.948336528701928,88670.0,107.07.10
36795,16.183525150344803,129203.0,107.07.11
36811,16.413293724470847,56553.0,107.07.12
36827,16.18280051150895,46920.0,107.07.13
36844,16.523196175021734,69020.0,107.07.14
36862,15.03529947620132,87820.0,107.07.15
36882,13.84036217303823,49700.0,107.07.16
36902,13.757595573440645,39760.0,107.07.17
36918,13.772029799299494,71948.0,107.07.18
36934,12.68863492732252,75952.0,107.07.19
36950,12.314767524046587,65082.0,107.07.20
36966,13.56989264775145,61573.0,107.07.21
36983,14.03312766655727,76175.0,107.07.22
37002,14.338669265033408,35920.0,107.07.23
37022,13.601145844921572,44945.0,107.07.24
37038,13.963580570773193,81959.0,107.07.25
37054,14.20982658074786,65333.0,107.07.26
37070,13.592405022328652,61804.0,107.07.27
37087,12.313494970637828,85995.0,107.07.28
37105,10.772057926992307,93497.0,107.07.29
37125,9.59055554200112,40987.0,107.07.30
37145,12.899374741119155,50699.0,107.07.31
37161,12.188905484928798,89044.0,107.08.01
37177,11.441984639016898,81375.0,107.08.02
37193,11.528931013051585,90104.0,107.08.03
37210,10.83818907170612,86729.0,107.08.04
37226,10.655901010805158,71725.0,107.08.05
37245,11.330963517305891,32070.0,107.08.06
37265,17.928247065163905,42677.0,107.08.07
37281,17.13513231586921,80527.0,107.08.08
37297,15.523506307016556,71032.0,107.08.09
37312,15.285121154785156,65536.0,107.08.10
37327,15.70652587519026,73584.0,107.08.11
37343,16.0993181375414,76995.0,107.08.12
37363,16.708933314693137,35765.0,107.08.13
37384,18.22144413773064,34415.0,107.08.14
37400,18.19138644258349,69379.0,107.08.15
37415,18.610471153713725,72609.0,107.08.16
37429,18.331336665024285,71035.0,107.08.17
37445,17.274295093005644,71286.0,107.08.18
37462,17.661650883603013,80466.0,107.08.19
37481,18.220225510923186,42570.0,107.08.20
37501,16.149299166811318,46088.0,107.08.21
37517,14.398594458535085,104088.0,107.08.22
37533,13.408986048555422,91030.0,107.08.23
37549,15.043743781617408,71361.0,107.08.24
37566,19.93008166650268,71143.0,107.08.25
37585,24.702462513714494,32812.0,107.08.26
37605,0.0,0.0,107.08.27
37626,23.47384341363797,65127.0,107.08.28
37643,22.90926417534545,102837.0,107.08.29
37659,21.110201651908625,67195.0,107.08.30
37675,19.399416720674004,77150.0,107.08.31
37692,19.006162643727528,81491.0,107.09.01
37709,18.438858128347103,88136.0,107.09.02
37728,18.07401951758424,54310.0,107.09.03
37748,17.89825135917082,31453.0,107.09.04
37765,19.57062539704948,56668.0,107.09.05
37782,21.76962779955959,55857.0,107.09.06
37798,23.213544906553636,72662.0,107.09.07
37814,22.997299308878254,94050.0,107.09.08
37830,23.547123363451963,86768.0,107.09.09
37848,25.82393344464275,34738.0,107.09.10
37867,28.695971482759404,43763.0,107.09.11
37885,29.79340975621756,81302.0,107.09.12
37903,30.66740910840623,75337.0,107.09.13
37919,28.042944376206357,85485.0,107.09.14
37935,24.725839671004444,88755.0,107.09.15
37952,23.79982952027004,58658.0,107.09.16
37971,25.856225127913586,17590.0,107.09.17
37991,26.13037364926442,30724.0,107.09.18
38007,27.87231238259477,64946.0,107.09.19
38023,27.745953194252326,70846.0,107.09.20
38039,25.646264336869315,74284.0,107.09.21
38055,25.76456839130727,74315.0,107.09.22
38072,24.57430137323727,81195.0,107.09.23
38092,23.607881432987813,54990.0,107.09.24
38112,25.91368421052632,10450.0,107.09.25
38133,0.0,0.0,107.09.26
38152,26.021846362710715,53034.0,107.09.27
38168,25.209352449677173,105320.0,107.09.28
38184,24.9701750746764,96416.0,107.09.29
38201,26.326219744012167,78910.0,107.09.30
38220,27.16745255894192,34780.0,107.10.01
38240,28.97527645136969,31832.0,107.10.02
38257,29.7241930733891,67912.0,107.10.03
38273,31.199580929243854,65860.0,107.10.04
38289,31.020746418698163,63664.0,107.10.05
38305,29.225277180208508,72516.0,107.10.06
38322,28.20699434398152,75318.0,107.10.07
38341,27.846671754892878,36686.0,107.10.08
38361,28.198619992170173,30652.0,107.10.09
38378,27.031763016700676,66165.0,107.10.10
38396,25.26947645657112,71761.0,107.10.11
38415,23.32373221934324,75644.0,107.10.12
38431,21.68896993751509,74578.0,107.10.13
38448,22.84666503872183,57332.0,107.10.14
38467,25.619638826185103,22150.0,107.10.15
38487,25.412167268452432,47636.0,107.10.16
38503,23.919168000000003,87500.0,107.10.17
38519,21.621914830965967,71317.0,107.10.18
38535,21.0490130898561,67686.0,107.10.19
38551,19.665379418249053,84366.0,107.10.20
38568,19.269464645171794,85943.0,107.10.21
38587,20.155852948955303,37810.0,107.10.22
38607,21.05851108675491,35583.0,107.10.23
38623,20.24139757887208,75502.0,107.10.24
38640,19.273153181963547,75048.0,107.10.25
38657,19.106728244624268,74269.0,107.10.26
38673,17.5230729893073,86040.0,107.10.27
38691,15.035994337475012,104547.0,107.10.28
38710,14.15251270664562,57647.0,107.10.29
38730,13.122494510664993,51008.0,107.10.30
38746,14.056137976929902,90160.0,107.10.31
38763,15.675576674522922,65765.0,107.11.01
38780,16.41038226274619,60979.0,107.11.02
38797,15.35085826385483,87677.0,107.11.03
38815,13.59458045051169,107389.0,107.11.04
38834,12.606324198380118,54078.0,107.11.05
38854,7.257055471080519,86153.0,107.11.06
38871,7.674926065754287,127140.0,107.11.07
38888,8.126311874655086,83354.0,107.11.08
38905,6.965007649053171,96744.0,107.11.09
38923,5.28345218069175,121865.0,107.11.10
38942,4.955247599724297,103009.0,107.11.11
38961,6.01340896934208,35521.0,107.11.12
38981,7.48421522439871,40330.0,107.11.13
38999,8.122826628693486,84270.0,107.11.14
39016,7.990458198927127,112222.0,107.11.15
39033,6.703784673248706,136128.0,107.11.16
39050,6.341712083811944,122751.0,107.11.17
39068,6.395624995252816,131657.0,107.11.18
39087,6.020912810089639,76752.0,107.11.19
39107,5.78068900776709,77764.0,107.11.20
39124,5.8417130960642405,151305.0,107.11.21
39141,5.526719361803345,136635.0,107.11.22
39158,5.161534335235716,113717.0,107.11.23
39176,5.342652435260714,105307.0,107.11.24
39195,5.74264318574868,88469.0,107.11.25
39214,6.262808938878201,33785.0,107.11.26
39234,6.258584582883648,43549.0,107.11.27
39251,5.734946122576899,108487.0,107.11.28
39268,5.28355417814913,113579.0,107.11.29
39285,4.895927883120919,106161.0,107.11.30
39302,4.361098066683116,125639.0,107.12.01
39320,4.341627974463145,117164.0,107.12.02
39339,4.690107044550922,49045.0,107.12.03
39359,5.165080641558325,44766.0,107.12.04
39376,5.814940893706775,101935.0,107.12.05
39393,5.965043014661335,115542.0,107.12.06
39410,5.681224696356276,124488.0,107.12.07
39427,5.438965651414428,120791.0,107.12.08
39446,5.258382127065395,107425.0,107.12.09
39466,5.44959904453165,52749.0,107.12.10
39486,5.863045182714038,65047.0,107.12.11
39503,6.0098965221431895,111908.0,107.12.12
39520,6.250460435261168,91761.0,107.12.13
39537,6.026206572328522,106355.0,107.12.14
39554,5.819557437508537,109815.0,107.12.15
39572,6.0142358702958765,93721.0,107.12.16
39591,6.241842111064571,45361.0,107.12.17
39611,5.786517788688971,61303.0,107.12.18
39628,5.969893634636159,126827.0,107.12.19
39645,5.8423757249211565,123979.0,107.12.20
39662,5.883474022305792,123914.0,107.12.21
39679,6.037830212624714,102434.0,107.12.22
39698,5.718193850090439,68001.0,107.12.23
39718,5.720669760845743,31026.0,107.12.24
39738,6.115300687729459,38678.0,107.12.25
39755,6.493681045895852,72512.0,107.12.26
39772,5.855090864440079,81440.0,107.12.27
39789,5.61053753633928,87715.0,107.12.28
39806,5.714108669458947,87145.0,107.12.29
39825,5.715825193794293,93269.0,107.12.30
39844,6.159781973914736,46233.0,107.12.31
39864,8.792755626254987,38347.0,108.01.01
39882,8.4542978402757,90243.0,108.01.02
39900,8.103688714034782,97351.0,108.01.03
39917,7.681063066324521,93917.0,108.01.04
39934,7.008025375708303,97416.0,108.01.05
39952,6.546996808695031,98079.0,108.01.06
39971,6.466660559796438,49125.0,108.01.07
39992,6.244180089931128,52707.0,108.01.08
40010,5.905940226657305,99710.0,108.01.09
40027,5.602853101538981,82717.0,108.01.10
40044,5.647777679708483,79309.0,108.01.11
40061,5.6094923404049695,82772.0,108.01.12
40079,6.158191073919107,71700.0,108.01.13
40098,6.8096762291301545,32523.0,108.01.14
40118,6.400264815185706,44937.0,108.01.15
40135,7.092022045648331,80923.0,108.01.16
40152,7.660762982944915,67839.0,108.01.17
40169,7.082488804411997,69447.0,108.01.18
40186,7.261400354734009,82879.0,108.01.19
40204,7.216564923103285,93372.0,108.01.20
40223,6.872244057645517,48087.0,108.01.21
40244,7.981568920433322,40155.0,108.01.22
40262,7.772695792316405,91832.0,108.01.23
40279,7.578763324423972,94657.0,108.01.24
40296,7.97482987906832,77151.0,108.01.25
40313,8.322075630694686,75948.0,108.01.26
40332,8.38707999679234,87291.0,108.01.27
40351,8.595970470624422,45514.0,108.01.28
40370,10.51286707502019,50773.0,108.01.29
40387,9.879106254359453,107525.0,108.01.30
40404,9.025595706129703,117004.0,108.01.31
40421,8.31127993534391,117545.0,108.02.01
40438,9.67385830811968,113034.0,108.02.02
40455,11.368798690446605,116681.0,108.02.03
40472,11.642677148395435,83574.0,108.02.04
40492,12.838097552354863,22634.0,108.02.05
40513,0.0,0.0,108.02.06
40534,0.0,0.0,108.02.07
40555,0.0,0.0,108.02.08
40576,0.0,0.0,108.02.09
40596,13.28865568083261,40355.0,108.02.10
40616,13.1043732631271,75207.0,108.02.11
40634,12.988051207162451,73271.0,108.02.12
40651,13.076097764127123,38419.0,108.02.13
40669,14.032248783682636,42752.0,108.02.14
40689,15.11117543013346,80847.0,108.02.15
40707,14.05876892348896,88118.0,108.02.16
40725,11.483080095835987,98919.0,108.02.17
40743,10.46799859480076,99630.0,108.02.18
40760,10.590736755593529,92473.0,108.02.19
40779,10.907812836915117,41739.0,108.02.20
40799,0.0,0.0,108.02.21
40820,11.922887969636232,46898.0,108.02.22
40837,11.01490532599571,96489.0,108.02.23
40855,9.65719263315082,104468.0,108.02.24
40874,9.20622483007453,54877.0,108.02.25
40894,11.066056369785796,44350.0,108.02.26
40911,10.536748138140489,89561.0,108.02.27
40928,9.454825358679686,97371.0,108.02.28
40945,9.257407294213529,98160.0,108.03.01
40962,9.03147183208897,95765.0,108.03.02
40981,8.499291098742166,91268.0,108.03.03
41000,8.47644266679517,41503.0,108.03.04
41019,7.261005308200628,46155.0,108.03.05
41036,7.018511386566734,86725.0,108.03.06
41053,8.031807182122371,66944.0,108.03.07
41070,10.693540320098492,51984.0,108.03.08
41088,12.05396498288088,61627.0,108.03.09
41107,12.64366744760337,78965.0,108.03.10
41126,12.74373428331936,42948.0,108.03.11
41146,10.786210221793636,65331.0,108.03.12
41163,10.810730226438135,116279.0,108.03.13
41180,10.60532399802891,97408.0,108.03.14
41197,10.13548932339851,99985.0,108.03.15
41214,10.8651070732037,103574.0,108.03.16
41233,12.874073690064378,106093.0,108.03.17
41252,13.7971415316537,56044.0,108.03.18
41271,11.839346633998368,42855.0,108.03.19
41288,12.951128183567125,78489.0,108.03.20
41305,14.041829238132644,68739.0,108.03.21
41322,13.761120036396209,70337.0,108.03.22
41340,12.813596984326432,90726.0,108.03.23
41359,13.253367791077258,91900.0,108.03.24
41378,14.771093058376294,38406.0,108.03.25
41398,19.21982334158933,33511.0,108.03.26
41415,18.71674775193375,73174.0,108.03.27
41432,20.41879796229463,76753.0,108.03.28
41449,22.216617613477784,78826.0,108.03.29
41466,23.691762319694515,88253.0,108.03.30
41485,24.73813837593572,94713.0,108.03.31
41504,24.10368287824716,48196.0,108.04.01
41523,23.918292771698248,41213.0,108.04.02
41540,25.24544697700391,98495.0,108.04.03
41557,25.309130123397846,121477.0,108.04.04
41575,24.513926318249084,64195.0,108.04.05
41594,0.0,0.0,108.04.06
41615,24.743479827089335,63848.0,108.04.07
41635,24.743479827089335,63848.0,108.04.08
41655,29.357082937195905,35762.0,108.04.09
41672,27.93836678949674,77614.0,108.04.10
41689,24.747550703616053,78594.0,108.04.11
41706,23.43540025573429,63347.0,108.04.12
41723,27.996891821172248,53504.0,108.04.13
41741,29.714483438753994,58812.0,108.04.14
41760,28.44346191207345,31913.0,108.04.15
41780,27.53475215379503,39117.0,108.04.16
41797,29.08434853111145,57969.0,108.04.17
41814,32.56881863018797,42984.0,108.04.18
41831,33.05712851582451,56779.0,108.04.19
41848,33.424139903940244,66417.0,108.04.20
41867,34.03721936350824,61022.0,108.04.21
41887,34.603493321591074,27252.0,108.04.22
41907,30.656500355534487,33752.0,108.04.23
41924,29.216559993889863,65465.0,108.04.24
41941,25.90036974632594,64098.0,108.04.25
41958,24.833826065533383,56826.0,108.04.26
41975,25.319195834312115,51084.0,108.04.27
41993,25.648184030850928,63272.0,108.04.28
42012,26.164926697425532,36629.0,108.04.29
42032,26.470739307433284,39794.0,108.04.30
42049,25.831403373764765,81867.0,108.05.01
42066,26.02115688225539,75375.0,108.05.02
42083,28.08217152308216,61671.0,108.05.03
42100,29.999973014129036,51879.0,108.05.04
42118,32.058812781035,62937.0,108.05.05
42137,32.799622086387494,39427.0,108.05.06
42158,33.68712772923299,44289.0,108.05.07
42176,32.91864142484711,82086.0,108.05.08
42193,29.32436979518343,88860.0,108.05.09
42210,26.52015763877243,89445.0,108.05.10
42227,25.765927654609104,79701.0,108.05.11
42245,26.901621151412908,75872.0,108.05.12
42264,27.90009550545539,34553.0,108.05.13
42284,28.423681601663567,41357.0,108.05.14
42301,28.159498478555403,90046.0,108.05.15
42318,27.935098276818174,48689.0,108.05.16
42335,24.008595988538683,62122.0,108.05.17
42352,23.93279731859625,100246.0,108.05.18
42370,22.065438117078397,72823.0,108.05.19
42389,20.14946252053373,34699.0,108.05.20
42410,24.392302008171782,46012.0,108.05.21
42429,24.74699072356216,80850.0,108.05.22
42446,24.008316672821508,78529.0,108.05.23
42463,23.86836972652109,75472.0,108.05.24
42480,23.757257418761128,83673.0,108.05.25
42498,23.76472290502793,89500.0,108.05.26
42517,24.82455328653478,37608.0,108.05.27
42537,24.04191466907885,33165.0,108.05.28
42554,24.177060773480665,58825.0,108.05.29
42571,26.42190716644009,51490.0,108.05.30
42588,30.22067433350758,57390.0,108.05.31
42605,28.148168390678112,81786.0,108.06.01
42623,25.11498584135265,85107.0,108.06.02
42641,23.91276052865457,34881.0,108.06.03
42661,26.011386374464028,33584.0,108.06.04
42679,26.16922652735452,68910.0,108.06.05
42696,25.82501872383268,81447.0,108.06.06
42713,25.149576435341825,77438.0,108.06.07
42733,24.8147646717025,51630.0,108.06.08
42753,24.97261359720376,20313.0,108.06.09
42773,0.0,0.0,108.06.10
42793,23.03833400240867,49820.0,108.06.11
42810,23.214308120133484,89900.0,108.06.12
42827,23.29816629736947,70404.0,108.06.13
42844,22.74355265706722,61948.0,108.06.14
42861,24.10767183127432,58604.0,108.06.15
42879,24.718832521471604,62408.0,108.06.16
42897,23.64448741108728,35428.0,108.06.17
42917,25.611668297965387,48019.0,108.06.18
42936,23.873518508626677,93605.0,108.06.19
42954,21.355005492020418,77385.0,108.06.20
42971,21.14409758335883,65380.0,108.06.21
42988,22.07979317846553,67111.0,108.06.22
43006,23.44595838880957,62339.0,108.06.23
43025,24.800534555173726,28809.0,108.06.24
43045,25.19505598371383,34385.0,108.06.25
43063,23.994372160719795,68019.0,108.06.26
43080,24.9534525867132,59593.0,108.06.27
43097,27.936471968177337,58826.0,108.06.28
43114,26.426213822773494,71592.0,108.06.29
43132,25.46350210970464,73470.0,108.06.30
43150,25.931184343070942,34745.0,108.07.01
43169,27.18028843779325,40494.0,108.07.02
43186,26.970280816305294,76883.0,108.07.03
43203,26.905417370205885,70477.0,108.07.04
43221,27.0731317566274,78349.0,108.07.05
43239,26.953900436233,77940.0,108.07.06
43256,27.31399041022909,65695.0,108.07.07
43275,27.84429035482259,32016.0,108.07.08
43295,26.77075333066152,41170.5,108.07.09
43312,26.72984006876434,73875.5,108.07.10
43328,26.06946201508272,77307.0,108.07.11
43344,25.44812617859786,83786.0,108.07.12
43360,24.70795817349338,80810.0,108.07.13
43377,23.73582016429491,87769.0,108.07.14
43395,23.31835598032204,46143.0,108.07.15
43414,28.72404364401209,38035.0,108.07.16
43430,27.843519634587324,78815.0,108.07.17
43447,27.510840707964604,108932.0,108.07.18
43465,26.309867137415218,96867.0,108.07.19
43483,22.69567242517988,57538.0,108.07.20
43500,23.026723863402204,53383.0,108.07.21
43519,23.497027687296416,24560.0,108.07.22
43539,26.172880984952123,36550.0,108.07.23
43555,24.683604982598705,63501.0,108.07.24
43571,23.71530689917653,57804.0,108.07.25
43587,23.049701757725742,63036.0,108.07.26
43603,20.43539298146018,66937.0,108.07.27
43621,19.77163753880172,70551.0,108.07.28
43640,20.11233064223259,35797.0,108.07.29
43659,18.554815539593942,44969.0,108.07.30
43675,18.678064876821548,82279.0,108.07.31
43691,19.448029644621705,67196.0,108.08.01
43707,19.382135866711224,62841.0,108.08.02
43725,19.074417393568545,69129.0,108.08.03
43743,20.06871309506992,70790.0,108.08.04
43762,20.674046683614517,34616.0,108.08.05
43781,22.82387719369681,49118.0,108.08.06
43797,22.96264837063943,96633.0,108.08.07
43813,22.292594679186227,111825.0,108.08.08
43829,20.429888090339603,108391.0,108.08.09
43845,18.73000623385876,56145.0,108.08.10
43863,22.712402388608176,39186.0,108.08.11
43881,24.255032814689184,27122.0,108.08.12
43899,17.701958117057455,55870.0,108.08.13
43915,16.44199171085613,120881.0,108.08.14
43931,16.4285705120494,124695.0,108.08.15
43949,17.593401916761607,59684.0,108.08.16
43969,0.0,0.0,108.08.17
43989,26.797663960024984,40025.0,108.08.18
44008,26.797663960024984,40025.0,108.08.19
44028,20.91308695081106,60908.0,108.08.20
44045,16.171725579014534,142613.0,108.08.21
44061,14.322809880445238,116432.0,108.08.22
44077,18.758712389704986,81826.0,108.08.23
44093,16.972820821302538,124680.0,108.08.24
44111,16.07431073008345,109645.0,108.08.25
44130,17.03273141217565,32064.0,108.08.26
44150,17.767808568081094,39262.0,108.08.27
44166,18.07866146658325,75127.0,108.08.28
44182,17.529597404317315,75510.0,108.08.29
44198,15.718563729627949,77005.0,108.08.30
44214,15.23688580882812,80085.0,108.08.31
44233,17.22495509800349,76834.0,108.09.01
44253,19.072977806444047,34109.0,108.09.02
44273,17.307916101511665,50871.0,108.09.03
44289,17.284278690239567,95590.0,108.09.04
44305,16.740611622162362,89467.0,108.09.05
44321,15.762112564036586,85498.0,108.09.06
44337,15.814630102921877,72385.0,108.09.07
44354,17.870152395957845,73624.0,108.09.08
44373,18.875422134368527,41989.0,108.09.09
44393,16.05981382594891,55432.0,108.09.10
44409,16.64203443858251,99133.0,108.09.11
44425,16.0154435418547,86418.0,108.09.12
44441,16.578703910908683,75967.0,108.09.13
44461,19.414911002394085,38428.0,108.09.14
44482,21.459482425646968,5178.0,108.09.15
44502,0.0,0.0,108.09.16
44521,21.017542398546336,52832.0,108.09.17
44537,19.74635297051824,96229.0,108.09.18
44553,17.241025523635113,87370.0,108.09.19
44569,16.132340922996242,91528.0,108.09.20
44585,14.407655225607405,103720.0,108.09.21
44603,12.995270869179832,95895.0,108.09.22
44622,12.882079033475964,39730.0,108.09.23
44642,15.595900550389068,52690.0,108.09.24
44658,14.895127677141463,100527.0,108.09.25
44674,14.756834101869126,85227.0,108.09.26
44690,16.341888908776326,67044.0,108.09.27
44706,17.518748550299495,73291.0,108.09.28
44723,17.415835799968843,77028.0,108.09.29
44742,17.10340510916115,33391.0,108.09.30
44763,16.129611064947596,37307.0,108.10.01
44780,16.06360293593672,70165.0,108.10.02
44796,15.25964815967012,81969.0,108.10.03
44812,12.539645165994266,102865.0,108.10.04
44828,10.762277569481638,100818.0,108.10.05
44845,12.156478528707368,78081.0,108.10.06
44863,13.81779346809814,31017.0,108.10.07
44883,15.352274764088776,37938.0,108.10.08
44900,14.98897430457626,80131.0,108.10.09
44917,13.806035830362465,88919.0,108.10.10
44934,13.210779633575788,84001.0,108.10.11
44952,12.207295714934638,79252.0,108.10.12
44969,11.693098798286334,83797.0,108.10.13
44988,12.27022238163558,41820.0,108.10.14
45009,13.462886168706804,36027.0,108.10.15
45026,13.408663990886732,93929.0,108.10.16
45043,13.374926600117435,57902.0,108.10.17
45060,11.579515725020872,75453.0,108.10.18
45078,11.720931315660884,130976.0,108.10.19
45096,11.397305712537348,111124.0,108.10.20
45115,10.882226938364418,55601.0,108.10.21
45135,11.831188411145972,54190.0,108.10.22
45153,12.000050584149651,102799.0,108.10.23
45170,10.831254559061756,105559.0,108.10.24
45187,9.444586789981347,100772.0,108.10.25
45204,8.961116637389152,94498.0,108.10.26
45222,8.773554260458022,102266.0,108.10.27
45240,8.747883310719132,51590.0,108.10.28
45260,10.063705142107786,39653.0,108.10.29
45279,10.489903158427744,78995.0,108.10.30
45297,10.621598052396353,82563.0,108.10.31
45314,9.833266257504109,89451.0,108.11.01
45331,9.34338526044856,96353.0,108.11.02
45349,8.415406798916369,102987.0,108.11.03
45368,7.541097911622277,52864.0,108.11.04
45388,10.049786503928717,51289.0,108.11.05
45405,9.257040456590538,110909.0,108.11.06
45422,8.565334649218535,105379.0,108.11.07
45439,8.798420205159388,88809.0,108.11.08
45456,9.148869011330907,95138.0,108.11.09
45474,9.63928325711279,98836.0,108.11.10
45492,10.103559510567296,46748.0,108.11.11
45512,11.279430015687645,57370.0,108.11.12
45531,12.302077610585764,123411.0,108.11.13
45549,13.190454414681788,66041.0,108.11.14
45566,10.211807625616146,102654.0,108.11.15
45584,9.292411810049291,197188.0,108.11.16
45602,7.597660308281659,164979.0,108.11.17
45621,6.663144296969268,70445.0,108.11.18
45641,9.366170152827666,56796.0,108.11.19
45659,9.387484511549662,121865.0,108.11.20
45676,9.206270209700657,124940.0,108.11.21
45693,8.631919775414353,111138.0,108.11.22
45710,8.181060846027584,104181.0,108.11.23
45728,7.954365740871546,106179.0,108.11.24
45746,7.76162958790951,53265.0,108.11.25
45765,8.382682504411477,61204.0,108.11.26
45783,8.518394729999136,115370.0,108.11.27
45802,8.215809697597095,113987.0,108.11.28
45820,7.789707937977321,108025.0,108.11.29
45837,8.869450782076912,85030.0,108.11.30
45855,10.956344517561067,89203.0,108.12.01
45874,11.414754567844664,52377.0,108.12.02
45894,11.802257339702097,67203.0,108.12.03
45911,11.884589153927257,121408.0,108.12.04
45928,11.65847367740266,115965.0,108.12.05
45945,11.64782466970225,98169.0,108.12.06
45962,14.496799090582744,50142.0,108.12.07
45980,20.582954321642298,66005.0,108.12.08
45998,20.525269742883378,52272.0,108.12.09
46017,15.884549275314104,90177.0,108.12.10
46035,15.181924619804096,156301.0,108.12.11
46054,12.022300028717224,135807.0,108.12.12
46072,10.28288057406458,122913.0,108.12.13
46089,10.079210773090926,118369.0,108.12.14
46107,10.092654569892472,119040.0,108.12.15
46126,10.761946902654866,53901.0,108.12.16
46146,9.288768670421156,65344.0,108.12.17
46163,9.722460118285042,113962.0,108.12.18
46180,9.379562195351046,101141.0,108.12.19
46197,8.749159923404784,97134.0,108.12.20
46214,9.60471640477994,81842.0,108.12.21
46233,9.535869505175825,90517.0,108.12.22
46252,8.994809143114514,53286.0,108.12.23
46271,8.180989976197658,59658.0,108.12.24
46288,8.468531448131003,102836.0,108.12.25
46305,9.27010855314909,76276.0,108.12.26
46322,8.560422297103035,86953.0,108.12.27
46340,8.194029019552252,98761.0,108.12.28
46360,8.65551137216232,93298.0,108.12.29
46379,8.64538353446851,48392.0,108.12.30
46399,10.105286614005124,37472.0,108.12.31
46417,10.151795629867951,80501.0,109.01.01
46434,9.884523513030093,88334.0,109.01.02
46452,8.814818861362253,109833.0,109.01.03
46469,8.400238380968709,122493.0,109.01.04
46488,8.674347838731252,103157.0,109.01.05
46507,8.838559922110107,45192.0,109.01.06
46526,8.427866807408119,62526.0,109.01.07
46543,7.779677500170816,131721.0,109.01.08
46560,7.799377349810428,126074.0,109.01.09
46577,8.507281297630918,106286.0,109.01.10
46595,7.696452731767838,110423.0,109.01.11
46614,7.275779654156431,106233.0,109.01.12
46633,7.558104252825266,45217.0,109.01.13
46653,7.255623754599799,68753.0,109.01.14
46671,6.872646652021804,147492.0,109.01.15
46688,7.062825474447827,123512.0,109.01.16
46706,8.459204591154638,92003.0,109.01.17
46723,9.29290213611525,100650.0,109.01.18
46741,8.91718148012907,134191.0,109.01.19
46760,8.443846182416959,80771.0,109.01.20
46778,9.473279589445186,98988.0,109.01.21
46795,11.168373157819431,174725.0,109.01.22
46812,12.858574220496378,156574.0,109.01.23
46829,12.229512161605058,109155.0,109.01.24
46849,11.838653859735857,28318.0,109.01.25
46870,0.0,0.0,109.01.26
46891,0.0,0.0,109.01.27
46912,0.0,0.0,109.01.28
46933,0.0,0.0,109.01.29
46953,11.131624433182182,56235.0,109.01.30
46973,10.09813585907336,132608.0,109.01.31
46990,10.135286833650929,145363.0,109.02.01
47008,11.018828815770402,68990.0,109.02.02
47027,0.0,0.0,109.02.03
47047,15.530345414916498,69279.0,109.02.04
47064,15.168898358637003,123434.0,109.02.05
47081,14.138378565192086,109952.0,109.02.06
47098,14.765300748996651,117357.0,109.02.07
47115,16.111271897530855,137173.0,109.02.08
47135,16.337562323939004,75613.0,109.02.09
47155,0.0,0.0,109.02.10
47176,15.258082080592525,59137.0,109.02.11
47193,14.781427226914984,119320.9,109.02.12
47210,13.93530960056686,107822.8,109.02.13
47227,13.17405707812934,98345.9,109.02.14
47244,15.202018240870578,83439.0,109.02.15
47262,15.070674672561877,86985.9,109.02.16
47281,12.846659871456245,54253.9,109.02.17
47301,14.689039665970771,68018.0,109.02.18
47318,14.835918492713324,123719.0,109.02.19
47335,13.375564899191476,126527.0,109.02.20
47352,12.984800545243155,124715.0,109.02.21
47369,14.343247321714102,100064.0,109.02.22
47387,14.216759077879964,90357.0,109.02.23
47405,13.868457742972252,44182.0,109.02.24
47426,15.08289865802869,54025.0,109.02.25
47445,14.038148090352282,102532.0,109.02.26
47462,12.31448965024982,93867.0,109.02.27
47479,10.788182164002224,102523.0,109.02.28
47497,9.54419542274398,109629.0,109.02.29
47515,8.474474520908029,103477.0,109.03.01
47534,7.943600399913746,51011.0,109.03.02
47554,8.301225409385646,54594.0,109.03.03
47571,8.420589493656756,107516.0,109.03.04
47588,7.988313028945017,109853.1,109.03.05
47605,7.886482940298401,98545.1,109.03.06
47622,6.426482447263952,128470.0,109.03.07
47640,5.318018619464691,163270.0,109.03.08
47659,5.1619729368963805,76414.0,109.03.09
47680,6.022154975530179,61300.0,109.03.10
47698,6.100147649905668,97528.0,109.03.11
47715,5.96796606724505,93479.0,109.03.12
47732,6.579444237936889,99539.0,109.03.13
47749,7.171637046656068,107117.9,109.03.14
47767,7.789574175743634,102328.6,109.03.15
47786,9.378842999890663,37498.7,109.03.16
47806,6.752416926790644,83101.4,109.03.17
47824,6.866912207937411,141673.4,109.03.18
47841,6.809866261832594,114746.6,109.03.19
47858,7.68436350462028,97158.6,109.03.20
47875,8.545749027845252,99212.6,109.03.21
47893,8.048957923908626,120087.2,109.03.22
47911,8.012585800519249,61858.6,109.03.23
47930,7.751732696381265,81387.6,109.03.24
47948,7.749604689634826,142356.5,109.03.25
47967,7.490533336305751,130084.9,109.03.26
47985,6.65221337692241,127249.0,109.03.27
48002,5.297816317932875,113936.0,109.03.28
48020,4.473695146276596,84224.0,109.03.29
48038,4.136884697934626,28421.0,109.03.30
48057,7.5049031003656195,47317.0,109.03.31
48075,7.897809680145309,102953.0,109.04.01
48093,8.024496829105477,119840.0,109.04.02
48110,7.885808430010305,120332.0,109.04.03
48127,9.31074878990378,102058.0,109.04.04
48147,10.994628782930548,45930.0,109.04.05
48166,0.0,0.0,109.04.06
48186,9.402587210173683,76731.3,109.04.07
48202,9.791746371919409,124866.3,109.04.08
48221,9.473984135883605,108799.0,109.04.09
48240,8.8347515644221,112182.0,109.04.10
48257,9.007687394497925,109595.0,109.04.11
48275,9.15486025630016,104799.0,109.04.12
48293,9.283617995804976,46722.0,109.04.13
48312,9.440195195195196,59940.0,109.04.14
48329,9.605331137846472,112959.0,109.04.15
48347,9.383776519151388,104170.0,109.04.16
48365,9.466652213914829,94561.0,109.04.17
48382,10.364388957848195,97481.0,109.04.18
48400,10.198920553562274,97550.0,109.04.19
48418,9.69215253340693,43479.0,109.04.20
48437,9.496823087593462,59114.0,109.04.21
48454,9.97659198231689,99530.0,109.04.22
48471,9.802841213680711,93270.0,109.04.23
48488,10.02336556355692,98872.0,109.04.24
48506,12.138182621152678,81741.9,109.04.25
48526,11.95204954066478,98609.9,109.04.26
48545,11.04675921508762,62886.0,109.04.27
48565,11.51452794816119,52593.8,109.04.28
48582,11.140201299135644,107640.8,109.04.29
48599,10.879394905434811,97869.0,109.04.30
48616,10.894766036274586,95549.0,109.05.01
48633,10.483006718386047,103894.0,109.05.02
48652,9.976240544928917,101004.0,109.05.03
48671,9.797832935369303,49837.0,109.05.04
48690,9.8438378096386,55589.0,109.05.05
48707,9.787178630005329,95723.0,109.05.06
48724,9.77424611200622,87513.0,109.05.07
48741,10.187570807550095,88655.8,109.05.08
48759,10.093886901795534,95113.8,109.05.09
48778,9.537020644304636,94893.0,109.05.10
48797,9.313893219017928,41056.0,109.05.11
48817,10.958171777023528,34766.0,109.05.12
48835,11.273641899753692,66177.0,109.05.13
48852,11.541574176056937,70818.0,109.05.14
48869,12.003709812224884,89735.0,109.05.15
48886,12.058096817161433,107357.0,109.05.16
48904,11.246877016666808,116219.0,109.05.17
48923,10.7698158472715,59190.0,109.05.18
48943,11.931938464864086,55513.0,109.05.19
48960,11.733420851944656,91790.0,109.05.20
48977,12.223406462903933,79995.0,109.05.21
48994,13.045402191507907,96372.0,109.05.22
49011,13.37305626874155,102046.0,109.05.23
49030,13.551382296814603,102185.0,109.05.24
49050,13.526683461822593,52793.0,109.05.25
49071,14.890244282474336,57761.0,109.05.26
49089,14.364871047923623,126326.0,109.05.27
49106,14.23635504485314,133324.0,109.05.28
49123,14.845124966987589,124953.0,109.05.29
49140,15.245277820173996,124487.0,109.05.30
49158,15.685727972779368,111680.0,109.05.31
49177,16.15252284381792,47387.0,109.06.01
49197,14.6831226869632,71605.0,109.06.02
49214,15.157400289376378,136846.0,109.06.03
49231,15.47438064239405,117270.7,109.06.04
49248,15.055369885713787,103433.3,109.06.05
49265,13.677176805156536,116884.6,109.06.06
49283,12.631087590041597,115641.0,109.06.07
49303,12.507974481658692,50160.0,109.06.08
49324,15.78842396406912,39409.0,109.06.09
49341,16.103249066298226,92642.0,109.06.10
49358,16.51918816881087,103962.5,109.06.11
49375,15.880188605541438,108798.5,109.06.12
49392,16.34680300987868,99406.0,109.06.13
49410,17.594898426919467,95990.0,109.06.14
49428,17.271875285894644,54653.0,109.06.15
49448,21.57686797260122,54163.0,109.06.16
49465,21.76060699445295,100594.0,109.06.17
49482,21.47537464518284,95824.0,109.06.18
49499,22.110798196635187,81847.0,109.06.19
49516,23.0372462562396,72120.0,109.06.20
49534,23.45332808716707,82600.0,109.06.21
49553,24.40870871570317,42934.0,109.06.22
49573,23.835617201144043,39509.0,109.06.23
49591,26.33562828814245,79072.0,109.06.24
49608,28.36712440756985,90517.0,109.06.25
49627,28.00599756643247,50954.0,109.06.26
49647,0.0,0.0,109.06.27
49667,29.783844096881552,51981.0,109.06.28
49685,29.783844096881552,51981.0,109.06.29
49705,25.39372013905672,53791.0,109.06.30
49722,24.16107516286199,91335.0,109.07.01
49739,23.00020172690456,65435.0,109.07.02
49756,24.568930159185427,55784.0,109.07.03
49773,25.20432521598121,71534.0,109.07.04
49791,22.93775228383259,98847.0,109.07.05
49810,21.205937760388363,55206.0,109.07.06
49831,20.56680940312855,57215.0,109.07.07
49849,18.82527990680559,108161.0,109.07.08
49865,15.912332939089296,101460.0,109.07.09
49881,15.868440474739304,90239.0,109.07.10
49898,16.58353361616753,95698.0,109.07.11
49915,17.032729264618617,87628.0,109.07.12
49934,18.399968409413997,31655.0,109.07.13
49954,16.937981991252894,58305.0,109.07.14
49970,17.079084108510965,115070.4,109.07.15
49987,17.22401321932022,56765.4,109.07.16
50004,16.98302588302588,69930.0,109.07.17
50020,15.67986863252044,143110.0,109.07.18
50037,13.851574888715376,124231.0,109.07.19
50055,13.01584689819984,51051.0,109.07.20
50074,14.356300709329073,51950.5,109.07.21
50091,14.91275932664678,82304.5,109.07.22
50109,17.353576647076014,61594.0,109.07.23
50126,17.408250865907963,80840.0,109.07.24
50143,15.06596564456574,124580.0,109.07.25
50160,14.132740556153369,141256.0,109.07.26
50179,14.173960407990826,66276.0,109.07.27
50199,15.204142603287428,54024.0,109.07.28
50216,15.787021586665452,109790.0,109.07.29
50232,15.944857038593168,101391.0,109.07.30
50248,15.980629759458475,82730.0,109.07.31
50264,16.189897690594442,83961.0,109.08.01
50281,16.315582131149416,87549.0,109.08.02
50299,16.867124566878825,40693.0,109.08.03
50318,18.93489158905704,54976.0,109.08.04
50335,17.864472725234066,107022.0,109.08.05
50353,16.800959273938766,87045.0,109.08.06
50370,17.048307700675835,73539.0,109.08.07
50387,16.716829561431357,88196.0,109.08.08
50404,14.829751182064973,111246.0,109.08.09
50423,13.599545380743628,61590.0,109.08.10
50443,15.263659437009691,52008.0,109.08.11
50459,18.06024992835796,97708.0,109.08.12
50476,21.24285557986871,45700.0,109.08.13
50493,18.864668503202875,66284.2,109.08.14
50509,19.033972878176744,115582.2,109.08.15
50526,18.027692672429517,109668.0,109.08.16
50544,17.02007619678648,60370.0,109.08.17
50563,15.994530447681717,52582.0,109.08.18
50579,17.46096127786638,83389.0,109.08.19
50596,17.8630578394563,84164.0,109.08.20
50614,16.73403106791618,86327.0,109.08.21
50631,17.667139690777383,73992.0,109.08.22
50648,18.43959926786992,82499.0,109.08.23
50666,18.569845938713023,41477.0,109.08.24
50685,17.982801772833927,57535.0,109.08.25
50702,16.782734585979995,105164.0,109.08.26
50719,15.568874129550746,93199.0,109.08.27
50736,16.500300358603056,87562.0,109.08.28
50753,17.6184125630174,91443.0,109.08.29
50770,18.621094615766747,104676.0,109.08.30
50788,19.23397012222725,55225.0,109.08.31
50807,20.897785721378213,50355.0,109.09.01
50823,22.34703224426501,112206.0,109.09.02
50841,23.526913065269763,61851.0,109.09.03
50860,0.0,0.0,109.09.04
50879,18.70501806777119,88002.0,109.09.05
50897,17.91682079379928,149660.0,109.09.06
50916,16.79185831522268,61658.0,109.09.07
50936,17.081758803483527,52820.0,109.09.08
50953,16.323852043025653,115466.0,109.09.09
50969,15.580691859193244,105137.0,109.09.10
50985,14.751418412220168,90277.0,109.09.11
51001,15.979491660651192,78963.0,109.09.12
51019,17.427896151323825,77767.0,109.09.13
51038,16.521240609572867,46590.0,109.09.14
51057,17.641315741912162,55330.0,109.09.15
51073,16.39342490772802,105124.0,109.09.16
51089,15.512871965436082,90499.0,109.09.17
51105,16.487212126607066,78637.0,109.09.18
51124,17.304870562781456,79498.0,109.09.19
51143,16.975726616170512,90832.0,109.09.20
51162,16.362004221978648,49266.0,109.09.21
51181,14.290393879285917,52935.0,109.09.22
51197,16.276412645732275,94008.0,109.09.23
51214,18.835999318286948,41073.0,109.09.24
51231,17.01969924128845,66033.0,109.09.25
51247,17.36947795539337,110163.0,109.09.26
51265,16.522204638741904,101105.0,109.09.27
51283,15.460561649846424,56975.0,109.09.28
51302,15.992291160530742,53510.0,109.09.29
51318,16.442637998905543,113298.0,109.09.30
51335,17.61712555510698,136235.0,109.10.01
51354,18.22044815362277,76447.0,109.10.02
51374,0.0,0.0,109.10.03
51395,21.123018389346857,45733.0,109.10.04
51414,21.123018389346857,45733.0,109.10.05
51434,24.69380042070225,43261.0,109.10.06
51451,23.01450660919256,101147.0,109.10.07
51468,20.936855528877288,100373.0,109.10.08
51485,18.68009664955628,89809.0,109.10.09
51503,18.3023734610873,91217.0,109.10.10
51521,20.41958222380023,84495.0,109.10.11
51540,21.96011330049261,40600.0,109.10.12
51560,22.42416966638216,53894.0,109.10.13
51577,22.69309457834475,95635.0,109.10.14
51594,22.016747729270435,85325.0,109.10.15
51611,21.792010640004285,74812.0,109.10.16
51627,22.604198073056093,81061.0,109.10.17
51644,21.549889378524927,110286.0,109.10.18
51664,20.80596496451789,60453.0,109.10.19
51685,22.589780470885863,49014.0,109.10.20
51703,22.04754991839777,99262.0,109.10.21
51719,22.69425610966238,86666.0,109.10.22
51735,24.64027522596397,81097.0,109.10.23
51751,25.05645840006185,90541.0,109.10.24
51768,25.30282905730856,101730.0,109.10.25
51787,25.38341089711463,55868.0,109.10.26
51807,24.90415134347149,60366.0,109.10.27
51824,24.19116465185385,118456.0,109.10.28
51841,22.911007418719304,106083.0,109.10.29
51858,22.187722490393984,93431.0,109.10.30
51875,22.827746373953808,91284.0,109.10.31
51893,24.101545347517572,94283.0,109.11.01
51913,24.636854057848343,48437.0,109.11.02
51934,22.83637325163667,54837.0,109.11.03
51951,22.733554040513187,101794.0,109.11.04
51968,22.637734352304975,89502.0,109.11.05
51985,24.446405467636414,82083.0,109.11.06
52003,26.024812398951884,89685.0,109.11.07
52021,24.99720234673855,100906.0,109.11.08
52040,24.246052916724125,50759.0,109.11.09
52060,23.487285277140277,57516.0,109.11.10
52077,23.337834067861884,116855.0,109.11.11
52094,23.19297426650264,59339.0,109.11.12
52111,22.13712314678931,86539.0,109.11.13
52128,21.220243191858952,146222.0,109.11.14
52146,18.40455590605813,123949.0,109.11.15
52165,17.024311455513025,64266.0,109.11.16
52186,15.605197366593517,71998.0,109.11.17
52204,14.935468338658788,124402.5,109.11.18
52221,13.924285705744248,100350.8,109.11.19
52238,13.80965341457262,101888.3,109.11.20
52255,14.590779024385828,110433.0,109.11.21
52273,15.143403174603174,102375.0,109.11.22
52292,14.88967613983088,45884.0,109.11.23
52312,16.699065723890115,43135.0,109.11.24
52329,16.572371015537854,88751.0,109.11.25
52346,16.75949748638349,95380.5,109.11.26
52363,17.419878075750724,103999.0,109.11.27
52379,16.45104009287464,110600.7,109.11.28
52396,14.439377099699414,110849.2,109.11.29
52415,13.668810454637228,54483.0,109.11.30
52435,15.613389000512475,49173.2,109.12.01
52453,15.322227468013786,86842.1,109.12.02
52470,14.881706532264367,83133.5,109.12.03
52487,15.395051824813017,97308.6,109.12.04
52504,15.304388867201252,109381.3,109.12.05
52521,14.465096848617108,112087.3,109.12.06
52540,14.135589367552706,54550.0,109.12.07
52560,15.333885255701889,55201.0,109.12.08
52577,15.382598111266258,108856.0,109.12.09
52594,15.659126148119878,95645.5,109.12.10
52611,16.109645026069842,91964.5,109.12.11
52628,16.860996585572,103882.7,109.12.12
52645,16.965524613226272,103141.7,109.12.13
52663,16.454816891109623,49233.0,109.12.14
52682,18.99035484882013,52963.4,109.12.15
52700,18.660670567218578,100088.4,109.12.16
52719,18.566956088376998,90295.0,109.12.17
52737,19.490267086470887,83531.0,109.12.18
52754,20.778514412670773,87319.0,109.12.19
52772,22.504142768498024,95404.8,109.12.20
52790,23.656985394288167,48446.8,109.12.21
52810,27.36707790214085,35827.0,109.12.22
52828,26.06204934501714,82918.2,109.12.23
52846,24.516734507317704,87951.2,109.12.24
52862,23.332581332300546,82624.0,109.12.25
52879,23.53407953278173,85544.6,109.12.26
52897,23.733202872149587,86513.6,109.12.27
52915,23.216818383918756,42733.0,109.12.28
52934,23.925113254350595,52205.5,109.12.29
52952,23.621749350732543,101460.5,109.12.30
52970,22.99943307210185,101953.0,109.12.31
52987,23.216812696149777,101007.0,110.01.01
53003,24.152460368368004,98217.0,110.01.02
53018,23.80269490078737,104271.0,110.01.03
53036,23.13338115998013,54363.0,110.01.03
53048,25.483030777984137,46575.5,110.01.05
53064,25.021325502401496,96710.5,110.01.06
53080,25.05550338422629,96477.0,110.01.07
53096,25.839571562961968,93012.5,110.01.08
53112,26.146230566148432,97156.5,110.01.09
53127,28.03199177438308,91908.0,110.01.10
53145,30.30156438607503,41422.0,110.01.10
53157,33.08496655518394,59800.0,110.01.12
53172,32.94318471042828,129657.0,110.01.13
53196,32.821814564037965,69857.0,110.01.13
53204,33.20120491483639,75648.5,110.01.15
53219,32.65149397169317,140213.5,110.01.16
53234,29.361734612004746,130865.0,110.01.17
53250,26.78528657616893,66300.0,110.01.17
53261,26.52783030081375,54685.0,110.01.19
53277,24.725966290953245,104601.0,110.01.20
53293,21.62565489426533,101409.5,110.01.21
53309,19.37601417452087,102832.4,110.01.22
53325,17.834184962780014,97702.9,110.01.23
53341,16.712150678651014,93789.0,110.01.24
53359,16.02711439114391,47425.0,110.01.24
53369,17.564573188078384,59757.0,110.01.26
53383,17.29363167381441,120667.5,110.01.27
53398,16.428267294340834,113859.5,110.01.28
53413,14.328644250832811,109268.0,110.01.29
53428,12.284332426245086,115755.0,110.01.30
53443,11.395633635578584,111168.0,110.01.31
53460,11.15707879069048,51732.0,110.01.31
53471,10.33019695494911,83217.0,110.02.02
53485,9.923558709998757,160620.0,110.02.03
53500,8.023749376299957,178371.0,110.02.04
53523,6.902485936138182,100968.0,110.02.04
53530,7.591690022915064,88020.7,110.02.06
53545,7.773684471016204,169720.7,110.02.07
53560,7.692782436861385,165984.0,110.02.08
53575,6.807965321202065,179591.0,110.02.09
53590,9.0954712502613,148297.0,110.02.10
53605,12.382266193399094,101986.0,110.02.11
53620,10.427106294391375,48996.0,110.02.11
53640,7.448170201378203,74735.0,110.02.17
53654,5.885312985876112,153074.0,110.02.18
53670,4.686132164448998,147377.0,110.02.19
53692,5.017218053825429,69038.0,110.02.19
53702,5.38632142518715,84424.0,110.02.21
53720,5.38632142518715,84424.0,110.02.21
53732,5.33893011791353,75055.0,110.02.23
53747,5.296718704023819,149194.1,110.02.24
53763,5.245564109547459,144299.1,110.02.25
53779,5.0499643743197655,147927.0,110.02.26
53794,5.161496816547475,138921.5,110.02.27
53810,5.517520378712931,61154.5,110.02.27
53823,5.318826953961457,89664.0,110.03.02
53838,5.0375403972367305,150691.0,110.03.03
53853,4.308939678808937,126958.7,110.03.04
53868,4.35238009666271,122425.7,110.03.05
53884,5.095436457692725,110572.0,110.03.06
53900,5.698901349336727,105311.0,110.03.07
53917,5.948019830968322,51233.0,110.03.07
53929,6.429073170731708,54325.0,110.03.09
53946,6.688477402446639,113707.0,110.03.10
53963,5.971398421401629,140251.0,110.03.11
53979,5.093516865730411,152380.0,110.03.12
53995,4.681902671207583,146226.0,110.03.13
54010,4.814097079423606,126927.0,110.03.14
54028,5.292764115528998,52212.0,110.03.14
54040,6.538478605388272,63100.0,110.03.16
54055,5.85138455662359,141381.0,110.03.17
54071,4.952528417473409,142342.0,110.03.18
54087,4.816123276688727,127226.0,110.03.19
54103,4.924981117364715,123129.0,110.03.20
54119,4.874260087411551,118291.0,110.03.21
54137,5.017453323503695,58327.0,110.03.21
54158,6.283009862450861,64740.5,110.03.24
54175,6.440569364299064,115848.5,110.03.25
54191,6.364473188161623,119894.8,110.03.26
54207,5.716718162156267,154058.8,110.03.27
54223,4.544593848751137,184808.0,110.03.28
54241,3.846534922038257,99536.0,110.03.28
54252,4.345286976612217,59210.4,110.03.30
54268,4.220222067239079,129906.6,110.03.31
54284,4.91332958497513,110270.5,110.04.01
54299,5.989527804741933,84577.3,110.04.02
54315,5.763290558326406,115488.0,110.04.03
54337,5.814848549336738,70485.0,110.04.03
54353,8.634415584415583,59752.0,110.04.06
54364,7.773658900788361,124562.0,110.04.07
54380,6.429407828374627,141666.7,110.04.08
54396,5.916822166425646,139753.7,110.04.09
54412,6.136045830404071,119484.0,110.04.10
54428,6.589563278500622,111673.0,110.04.11
54446,6.737840830701085,55086.0,110.04.11
54458,6.335614828357356,61261.0,110.04.13
54473,6.205175737677316,118785.0,110.04.14
54489,6.03956364917276,136266.5,110.04.15
54505,6.625541810754984,107717.5,110.04.16
54521,9.21315823966969,61034.0,110.04.17
54536,8.536058932645357,93802.0,110.04.18
54554,7.742348120434704,61743.0,110.04.18
54566,8.246688492616327,71780.0,110.04.20
54581,7.516637272610903,140618.0,110.04.21
54597,6.3295661418813625,137326.0,110.04.22
54614,6.212053471230933,111387.0,110.04.23
54631,6.068255049589043,113029.0,110.04.24
54647,6.087381511220919,121425.0,110.04.25
54665,6.648341943659225,51295.0,110.04.25
54677,9.42332868618469,45189.0,110.04.27
54693,8.588340158364096,114041.0,110.04.28
54709,7.495215584641223,138136.0,110.04.29
54725,7.863602374413042,112870.0,110.04.30
54741,8.241365808567044,114672.0,110.05.01
54756,7.693861856931548,129127.0,110.05.02
54774,7.826005754552817,58041.0,110.05.02
54786,8.902352633072173,45821.0,110.05.04
54800,8.654604375934811,122351.0,110.05.05
54816,8.632061536406573,137752.6,110.05.06
54832,8.74427183555399,134337.1,110.05.07
54848,7.733552227879987,139336.5,110.05.08
54864,6.791864609103334,115606.0,110.05.09
54882,6.9696703385711976,49384.0,110.05.09
54894,9.780169696969695,41250.0,110.05.11
54909,8.899397666744669,97006.1,110.05.12
54925,7.988308676470723,109050.1,110.05.13
54941,7.196291724315055,120703.0,110.05.14
54957,7.658950454170107,121100.0,110.05.15
54972,12.550841245168876,95216.0,110.05.16
54990,17.456809151113788,41525.0,110.05.16
55001,16.249880161237606,110148.0,110.05.18
55018,15.245149476665713,180764.0,110.05.19
55035,12.271102304988508,118352.0,110.05.20
55052,9.351720497032478,89974.0,110.05.21
55069,11.10878091480383,76541.0,110.05.22
55086,16.858287841848632,75472.0,110.05.23
55106,18.87430105176225,41169.0,110.05.23
55118,18.53848692946845,52714.0,110.05.25
55135,17.605772412915268,94276.0,110.05.26
55152,15.174155303789853,79792.0,110.05.27
55169,14.739936019739202,69709.0,110.05.28
55186,17.018219224919527,84817.0,110.05.29
55203,15.825730724004703,119060.0,110.05.30
55222,14.303752168223731,65722.0,110.05.30
55234,16.683930436043156,44149.3,110.06.01
55251,17.62095271181592,88081.2,110.06.02
55277,18.56261190615476,43931.9,110.06.02
55285,16.79004130335016,74086.0,110.06.04
55302,16.353705214290013,142941.8,110.06.05
55319,14.646138664810586,134476.8,110.06.06
55338,13.347020008838635,65621.0,110.06.06
55350,11.744383435391152,76819.2,110.06.08
55367,11.56108529449198,135141.2,110.06.09
55384,10.215630650014482,122234.2,110.06.10
55401,9.591134672948584,119666.2,110.06.11
55418,10.984853476922495,106229.0,110.06.12
55435,11.299846098135072,110460.0,110.06.13
55451,11.415333584521017,105366.1,110.06.14
55469,12.3905806602308,45381.1,110.06.14
55485,12.399039683776314,60969.5,110.06.17
55501,11.1189373768699,114665.3,110.06.18
55517,10.854513579597144,105640.1,110.06.19
55533,11.493603592032734,114453.3,110.06.20
55551,11.00324753235534,62509.0,110.06.20
55563,12.665410234932793,50142.0,110.06.22
55578,13.146866960676224,87072.0,110.06.23
55594,12.460101039428606,68884.0,110.06.24
55610,12.261819853544807,60906.0,110.06.25
55626,14.311257738262045,78506.0,110.06.26
55642,15.290751699823725,95304.0,110.06.27
55659,15.998295081967212,45750.0,110.06.27
55671,17.075457532571736,52346.0,110.06.29
55686,17.402427519988045,107064.0,110.06.30
55701,17.387400416717735,97908.0,110.07.01
55717,16.845238372770716,85790.0,110.07.02
55733,16.975265094844435,91571.0,110.07.03
55749,17.17041731288709,97361.0,110.07.04
55767,17.140235585864847,48390.0,110.07.04
55779,20.418844838961192,50019.0,110.07.06
55794,20.72988455697277,94159.0,110.07.07
55809,21.679295689131752,79056.0,110.07.08
55826,22.36715395284327,72100.0,110.07.09
55843,22.55655726237444,71478.0,110.07.10
55859,21.9928100838506,73464.0,110.07.11
55877,21.259908092928264,39170.0,110.07.11
55889,23.06242262210797,48625.0,110.07.13
55905,24.14468758496928,91945.0,110.07.14
55928,25.35948753462604,43320.0,110.07.14
55936,26.172270010865628,44176.0,110.07.16
55951,28.53715825416367,86102.0,110.07.17
55967,29.113946018505203,83436.0,110.07.18
55984,27.179739821729704,41510.0,110.07.18
55996,28.26204059869749,52514.0,110.07.20
56009,30.416436738418597,111774.0,110.07.21
56024,30.92919663749025,115390.0,110.07.22
56039,27.36220852017937,89200.0,110.07.23
56055,25.248447869835157,46710.0,110.07.24
56071,28.705968678697367,38568.0,110.07.25
56089,28.689818677792044,24928.0,110.07.25
56100,25.996529238535963,47540.0,110.07.27
56115,25.51179637601107,78753.0,110.07.28
56130,22.7673649470696,71509.0,110.07.29
56146,21.9939712693304,63695.0,110.07.30
56162,24.803575689584555,56157.0,110.07.31
56178,27.835979777960663,59539.0,110.08.01
56196,30.264814607370894,26781.0,110.08.01
56207,30.14795179502759,39498.0,110.08.03
56223,32.14831001131804,77752.0,110.08.04
56239,33.44259280900628,77013.0,110.08.05
56255,33.52134901310676,77212.0,110.08.06
56271,32.0364679082865,87359.0,110.08.07
56287,29.165945258540223,85712.0,110.08.08
56305,27.78746128348639,36806.0,110.08.08
56317,28.99349153688481,47323.0,110.08.10
56332,28.121494804715184,100187.0,110.08.11
56348,27.15023984052163,96314.0,110.08.12
56364,26.97945301633932,76931.0,110.08.13
56380,28.25640264488922,78491.0,110.08.14
56396,30.448732199508616,83846.0,110.08.15
56414,31.95716345658667,38836.0,110.08.15
56425,33.26058980447337,34113.0,110.08.17
56440,34.83561347446907,60084.0,110.08.18
56455,34.382803142603024,67460.0,110.08.19
56470,33.13217668947868,85189.0,110.08.20
56485,33.18224557400786,91166.0,110.08.21
56500,33.688731840473764,86456.0,110.08.22
56516,34.59805078225186,38990.0,110.08.22
56530,33.970773896439404,35612.0,110.08.25
56544,33.090939261444454,75932.0,110.08.26
56559,33.69657028833148,74671.0,110.08.27
56574,32.9521096736254,81624.0,110.08.28
56589,31.225164983358205,69704.0,110.08.29
56606,31.211203245508447,22431.0,110.08.29
56617,28.48530921535077,40910.0,110.08.31
56632,29.248327087794436,74720.0,110.09.01
56647,30.45562235113769,66538.0,110.09.02
56663,29.87648786160779,68790.0,110.09.03
56679,30.43232741061076,63822.0,110.09.04
56694,29.757848811325797,67386.0,110.09.05
56712,28.05881996668854,39626.0,110.09.05
56724,27.53623788393366,40339.0,110.09.07
56740,28.091794413158,71561.0,110.09.08
56756,30.564217607105537,61248.0,110.09.09
56772,32.97914743885557,69344.0,110.09.10
56788,32.852068446426195,104958.0,110.09.11
56804,29.038784073958727,122014.0,110.09.12
56822,25.00181289246816,56374.0,110.09.12
56834,22.1005424870224,21383.0,110.09.14
56850,24.15398674262479,47219.0,110.09.15
56874,25.853506734788667,25836.0,110.09.15
56882,19.36489849799572,62117.0,110.09.17
56898,19.00872333848532,113225.0,110.09.18
56913,16.66647240279906,96604.0,110.09.19
56928,13.358712198887831,82901.0,110.09.20
56942,14.377334775971187,67469.0,110.09.21
56958,17.404483767961686,30064.0,110.09.21
56974,18.260577756856527,40363.0,110.09.24
56990,17.24277260285828,92433.0,110.09.25
57006,14.607758620689657,116928.0,110.09.26
57024,13.125697678004256,64858.0,110.09.26
57036,12.98196198972898,53354.0,110.09.28
57052,14.254351385648206,97716.0,110.09.29
57068,15.210513663967612,79040.0,110.09.30
57084,14.267479292866856,80890.0,110.10.01
57101,15.277605851737231,85308.0,110.10.02
57118,16.184194214876033,82280.0,110.10.03
57135,15.75651861800667,43184.0,110.10.03
57147,17.053244922146387,48938.0,110.10.05
57162,16.34677122337487,97746.0,110.10.06
57178,14.45745341614907,94024.0,110.10.07
57194,13.903993256262044,83040.0,110.10.08
57210,16.0691594352011,73867.0,110.10.09
57225,18.287536380988488,73871.0,110.10.10
57242,19.09849317965528,37828.0,110.10.10
57254,16.65470740290884,64218.0,110.10.12
57270,17.475885631545538,100832.0,110.10.13
57294,18.916165947451788,36614.0,110.10.13
57302,19.53156274993914,57514.0,110.10.15
57318,17.579980699355918,136783.0,110.10.16
57334,16.342613800112247,131854.0,110.10.17
57352,16.61186269848816,52585.0,110.10.17
57365,17.03655785581723,69509.0,110.10.19
57381,17.067951242228414,122401.0,110.10.20
57397,15.642609425989273,114301.0,110.10.21
57413,15.608700503992608,109327.0,110.10.22
57429,16.28925502554366,102178.0,110.10.23
57445,15.977292728114868,103632.0,110.10.24
57462,16.50291663290934,49372.0,110.10.24
57474,14.890591770272946,55579.0,110.10.26
57490,16.05625214920457,110506.0,110.10.27
57506,17.034664055438384,106208.0,110.10.28
57522,16.563701539400817,114655.0,110.10.29
57537,16.15542012626089,116584.0,110.10.30
57552,16.011229216967987,101886.0,110.10.31
57569,16.115913386473828,48676.0,110.10.31
57582,17.068583218707012,72700.0,110.11.02
57598,18.279502123251387,126457.0,110.11.03
57614,18.944160781684776,108893.0,110.11.04
57630,17.165629978865226,123020.0,110.11.05
57646,16.452075129453355,129004.0,110.11.06
57662,15.201215615244156,135816.0,110.11.07
57677,14.213600460533364,74696.0,110.11.07
57688,12.210424566709316,85970.0,110.11.09
57704,12.676349038397682,155090.1,110.11.10
57728,13.255855243264984,69120.1,110.11.10
57733,16.30125889934002,61577.6,110.11.12
57748,15.89756097920704,135603.6,110.11.13
57763,16.44787819568387,130997.0,110.11.14
57780,17.599280335609343,56971.0,110.11.14
57792,15.864255329703717,80633.0,110.11.16
57808,15.500447938379144,144886.0,110.11.17
57824,15.532499170537491,120560.0,110.11.18
57840,14.4934995642809,121638.0,110.11.19
57856,13.096158733560944,130634.0,110.11.20
57872,13.27804310407525,123747.0,110.11.21
57890,13.50509889809048,58444.0,110.11.21
57902,10.673478390019309,67330.0,110.11.23
57918,11.219186307472114,118079.0,110.11.24
57934,10.64679490458894,117282.0,110.11.25
57950,9.273982908480024,136910.0,110.11.26
57966,9.628697195654413,126197.0,110.11.27
57982,11.113489324777014,99108.0,110.11.28
58000,11.861291812973572,43288.0,110.11.28
58012,10.467078829887216,68096.0,110.11.30
58027,10.39711182330799,132298.0,110.12.01
58042,10.462236039794607,124640.0,110.12.02
58058,10.873938154354258,119297.0,110.12.03
58074,10.920815091571733,130881.0,110.12.04
58090,10.218718021899994,143653.0,110.12.05
58108,9.696755594644776,71631.0,110.12.05
58120,10.899209492689046,60594.0,110.12.07
58136,12.481566769872789,118856.0,110.12.08
58158,14.127259620335725,58262.0,110.12.08
58168,15.909905608699916,69370.8,110.12.10
58184,14.96932656377038,149807.8,110.12.11
58200,12.957841890790544,153375.0,110.12.12
58217,11.634127615234856,72938.0,110.12.12
58230,10.837985644297598,70216.0,110.12.14
58246,10.149521336031167,132452.0,110.12.15
58262,8.73480861528698,126055.0,110.12.16
58278,7.680174930604772,133618.7,110.12.17
58294,7.834973779687582,129460.7,110.12.18
58310,9.581522329878748,106718.0,110.12.19
58328,10.979722464245487,47057.0,110.12.19
58341,8.182390035364797,70409.0,110.12.21
58356,7.935283626740306,121674.0,110.12.22
58372,7.738667733546709,104979.0,110.12.23
58388,8.174622025987928,127059.0,110.12.24
58404,8.530579713825018,157526.0,110.12.25
58420,7.802883813766118,164331.0,110.12.26
58438,6.913700561447287,80150.0,110.12.26
58450,7.862050245748635,58393.0,110.12.28
58466,7.7968324696448175,132185.0,110.12.29
58482,7.92251318176664,141104.0,110.12.30
58498,8.46475997892649,129072.0,110.12.31
58515,9.090805998579452,123896.0,111.01.01
58532,9.850649994779156,114924.0,111.01.02
58551,10.456209744638931,52788.0,111.01.02
58564,9.576114780914802,80083.0,111.01.04
58579,8.713851491744778,151601.0,111.01.05
58595,7.76992973708069,132360.0,111.01.06
58611,7.755116602138871,121653.0,111.01.07
58627,8.406637759744479,107702.0,111.01.08
58643,9.055016565166577,113793.0,111.01.09
58662,8.880686676033603,66902.0,111.01.09
58675,9.255779199551672,85652.0,111.01.11
58691,9.429290197971993,181212.5,111.01.12
58715,9.584810146451725,95560.5,111.01.12
58723,7.706096916941344,109826.0,111.01.14
58739,8.154676359714394,192853.0,111.01.15
58755,8.700202866304561,152810.0,111.01.16
58773,8.643279881919666,69783.0,111.01.16
58785,8.865583420363764,73729.0,111.01.18
58801,8.48746161865726,140042.0,111.01.19
58817,7.5607865435787645,134538.0,111.01.20
58833,6.454383449405981,131814.0,111.01.21
58849,6.06659735044727,111566.0,111.01.22
58865,6.584293290720026,86358.0,111.01.23
58883,6.781894687475573,38381.0,111.01.23
58895,7.534040854915454,77425.2,111.01.25
58911,8.648074693018257,156084.2,111.01.26
58927,8.067814418921992,175880.0,111.01.27
58942,6.877098999366386,192388.1,111.01.28
58957,8.176930757795306,170253.1,111.01.29
58973,10.13465075724137,138199.0,111.01.30
58989,10.52602762486016,90281.0,111.01.31
59005,9.98385968786808,27168.0,111.01.31
59023,8.196391791514541,79430.0,111.02.06
59037,7.558545048458502,150438.0,111.02.07
59053,9.035303924854547,116361.0,111.02.08
59076,12.464533768438692,45353.0,111.02.08
59093,11.179195794754245,99989.4,111.02.11
59109,10.601665980668118,180758.4,111.02.12
59125,9.83846101619593,162016.0,111.02.13
59140,9.269895130351992,142844.0,111.02.14
59155,8.932825687584865,112677.0,111.02.15
59173,9.354426389976506,51080.0,111.02.15
59191,11.871143907929362,63082.0,111.02.18
59206,11.499908434387264,125593.0,111.02.19
59221,10.917257641109828,129137.0,111.02.20
59238,10.722081469696516,66626.0,111.02.20
59250,15.569066642659404,44431.0,111.02.22
59266,15.481768700376096,95720.0,111.02.23
59282,16.12950372554026,86162.0,111.02.24
59298,17.035758459688036,105589.0,111.02.25
59314,17.495914346232066,142107.0,111.02.26
59330,17.12739001435635,156725.0,111.02.27
59348,16.373337708299154,85334.0,111.02.27
59361,14.742696704102377,60014.0,111.03.01
59377,14.429669687968111,118161.0,111.03.02
59393,13.78970080601643,116747.0,111.03.03
59409,13.007298752900098,107970.5,111.03.04
59425,13.660144586435145,86038.5,111.03.05
59441,14.74122502261327,97288.0,111.03.06
59459,14.411090399208184,60620.0,111.03.06
59472,16.18565481766207,49534.4,111.03.08
59487,16.614814390939053,99609.9,111.03.09
59511,17.039336601731385,50075.5,111.03.09
59519,14.782214630066514,76043.4,111.03.11
59535,15.669667565170274,115896.4,111.03.12
59551,19.680568387104596,82479.0,111.03.13
59569,21.8473560737578,42626.0,111.03.13
59581,20.728451034278727,51378.8,111.03.15
59597,18.596307276216752,110774.6,111.03.16
59613,16.52375133095409,115330.8,111.03.17
59629,18.22587098345428,92797.4,111.03.18
59645,22.82590721752473,78079.4,111.03.19
59661,21.227562722927846,98967.0,111.03.20
59679,19.033880519480515,57750.0,111.03.20
59692,16.725881643174468,54699.0,111.03.22
59708,16.10836465890118,102419.0,111.03.23
59724,16.520838784600237,68027.0,111.03.24
59740,20.602344434357427,62787.0,111.03.25
59756,19.10821056766844,112002.0,111.03.26
59772,16.548520087884494,127440.0,111.03.27
59790,15.079862909630858,57918.0,111.03.27
59803,14.85604936747331,42116.8,111.03.29
59819,15.615644016966526,89163.8,111.03.30
59835,16.1933007696862,101340.0,111.03.31
59851,16.233934395467905,111913.0,111.04.01
59867,16.848197621738766,107053.0,111.04.02
59883,17.717544844649577,105085.0,111.04.03
59899,20.343990442844245,90822.0,111.04.04
59920,24.08483650838783,35170.0,111.04.04
59936,27.74978150417128,47827.0,111.04.07
59949,26.775263475289314,104469.0,111.04.08
59964,26.56660207874812,94961.0,111.04.09
59980,30.119021692036625,69242.0,111.04.10
59997,33.396061184231804,30923.0,111.04.10
60010,33.35400475439546,42487.0,111.04.12
60026,32.05812196644457,78497.0,111.04.13
60042,28.846896180808088,81810.5,111.04.14
60058,26.339449921721503,90190.8,111.04.15
60074,26.117108186041232,86387.3,111.04.16
60090,29.95665378796405,79977.0,111.04.17
60108,33.03340442338074,37980.0,111.04.17
60121,33.192165828710124,46144.0,111.04.19
60137,32.626083055784285,81367.0,111.04.20
60153,33.15355377059412,60879.0,111.04.21
60169,36.08304229466834,60244.0,111.04.22
60185,38.572767677782245,79648.0,111.04.23
60201,38.04911254908196,81751.0,111.04.24
60219,35.88912812406312,36691.0,111.04.24
60232,24.41150676916576,61529.0,111.04.26
60248,23.30816271186441,103250.0,111.04.27
60264,22.31494228785143,62032.0,111.04.28
60280,26.397398979257392,42714.0,111.04.29
60296,27.89309636560735,70108.0,111.04.30
60311,27.89119483511154,98976.0,111.05.01
60329,28.337264730549435,51271.0,111.05.01
60341,33.8905405008661,34061.0,111.05.03
60356,33.2741782369216,78794.0,111.05.04
60371,32.36653812445225,91280.0,111.05.05
60386,30.265922281785564,92040.2,111.05.06
60401,28.05526843404174,96761.2,111.05.07
60416,27.758062597335183,92464.0,111.05.08
60433,27.93193271191378,41196.0,111.05.08
60444,24.141135984190264,58698.0,111.05.10
60459,21.753495784117423,108874.0,111.05.11
60475,17.866721415704145,94370.0,111.05.12
60490,15.661185759497137,91317.0,111.05.13
60505,14.61958697430158,92924.0,111.05.14
60521,14.939162697546632,77893.0,111.05.15
60539,15.597326436495075,32092.0,111.05.15
60552,20.726095366388616,57903.0,111.05.17
60568,20.694796888632567,135246.0,111.05.18
60593,20.671365217278872,77343.0,111.05.18
60600,18.847036083733283,92116.3,111.05.20
60616,18.505665476593496,157441.3,111.05.21
60632,17.322269947135485,130144.0,111.05.22
60650,16.614768817784913,64819.0,111.05.22
60662,16.935718782791188,52415.0,111.05.24
60677,15.875471899535135,103041.0,111.05.25
60693,14.62457090386834,84946.0,111.05.26
60708,14.035225851565963,74363.0,111.05.27
60723,14.419736407761055,81793.0,111.05.28
60738,16.391206358462654,92601.0,111.05.29
60755,17.4618021277851,50851.0,111.05.29
60767,17.350506608701753,57046.0,111.05.31
60782,16.38509078626658,109543.0,111.06.01
60798,16.451023420085697,98249.0,111.06.02
60814,16.99768652079357,90124.0,111.06.03
60829,16.797482146547566,87098.0,111.06.04
60846,17.374179656415297,42726.0,111.06.04
60859,16.82523821158075,61395.0,111.06.07
60875,16.481934626673844,115154.0,111.06.08
60891,15.558604105952286,107916.5,111.06.09
60907,16.674697757134258,90531.5,111.06.10
60923,18.16437947422246,83115.0,111.06.11
60938,17.874664942393608,93566.0,111.06.12
60956,18.32907634810465,46825.0,111.06.12
60969,19.78292554886852,53337.0,111.06.14
60985,20.43145730815952,97138.0,111.06.15
61001,20.013735138217218,94706.0,111.06.16
61017,19.37960999112464,98587.5,111.06.17
61033,20.58841101638648,94132.5,111.06.18
61048,21.04193333956522,96279.0,111.06.19
61066,20.72153163820265,49829.0,111.06.19
61079,22.392319589573358,53018.0,111.06.21
61095,22.724091093281466,92542.5,111.06.22
61111,24.20824425088845,70206.5,111.06.23
61127,25.629689000038063,70935.7,111.06.24
61143,25.58847400190349,78907.7,111.06.25
61159,26.042818566116697,70731.0,111.06.26
61177,26.72129563238457,32077.0,111.06.26
61190,26.950335233751424,43850.0,111.06.28
61206,27.291414174125936,77197.0,111.06.29
61222,29.832399651745774,66618.0,111.06.30
61238,33.14580226535375,70276.0,111.07.01
61254,32.6442641068945,80528.0,111.07.02
61270,28.796991100129013,91462.0,111.07.03
61289,26.535301111829614,47939.0,111.07.03
61302,27.832202715472228,40214.0,111.07.05
61317,26.81335272950004,78366.0,111.07.06
61333,24.895957853637665,74787.0,111.07.07
61349,23.164438374871967,73225.0,111.07.08
61365,22.91151164724393,78173.0,111.07.09
61381,22.12655140207216,92078.0,111.07.10
61399,21.044459847509653,50495.0,111.07.10
61412,21.24825680522077,51027.0,111.07.12
61428,21.17228133574249,89658.0,111.07.13
61444,20.349877327756108,74589.0,111.07.14
61460,21.157972277443424,73442.0,111.07.15
61476,22.743058290538887,77697.0,111.07.16
61492,22.79647388869977,85193.0,111.07.17
61510,22.78943975100044,44980.0,111.07.17
61522,20.55611395085909,62799.0,111.07.19
61538,20.84202453721013,115009.0,111.07.20
61562,21.185922237119325,52210.0,111.07.20
61570,20.37809095343921,55347.0,111.07.22
61586,19.647781274586933,101680.0,111.07.23
61602,18.38146040177913,94878.0,111.07.24
61620,18.005479452054796,48545.0,111.07.24
61633,17.500262595530444,55218.0,111.07.26
61649,18.03506094509937,99926.0,111.07.27
61665,17.902589992198816,89730.0,111.07.28
61681,16.864086523534073,86959.0,111.07.29
61697,17.75609906820633,82529.0,111.07.30
61713,21.29537298853529,77804.0,111.07.31
61731,23.84711383424702,37212.0,111.07.31
61744,22.29329475283696,46396.5,111.08.02
61760,21.57362844398641,93151.5,111.08.03
61776,20.8541596387181,91895.0,111.08.04
61792,20.61823823638385,86368.0,111.08.05
61808,19.55656834198421,94788.0,111.08.06
61824,18.14803731053245,102920.0,111.08.07
61843,17.295705024311186,49360.0,111.08.07
61856,15.839734236033724,47561.0,111.08.09
61872,15.732663092520836,94195.0,111.08.10
61888,16.059307055943357,109879.0,111.08.11
61903,16.339130973268656,121112.5,111.08.12
61918,15.184900550274762,133660.5,111.08.13
61932,14.873356706877086,117797.0,111.08.14
61947,15.83878678221122,42004.0,111.08.14
61963,16.409740426625547,46692.0,111.08.17
61979,14.69579202467504,104397.0,111.08.18
61995,12.727066841671896,122663.0,111.08.19
62011,12.78986966403864,112632.0,111.08.20
62026,13.52378696749665,96267.0,111.08.21
62044,13.46887411767127,48593.0,111.08.21
62057,14.778475134811265,53408.0,111.08.23
62073,14.491922189549877,110525.0,111.08.24
62097,14.223977099637583,57117.0,111.08.24
62105,16.12408184491787,55764.0,111.08.26
62121,14.599095311541204,120594.0,111.08.27
62137,14.269701138519924,105400.0,111.08.28
62155,15.839450332758195,40570.0,111.08.28
62168,13.39414437336435,55024.0,111.08.30
62184,13.453452948580145,108849.0,111.08.31
62200,14.377304919014913,93474.0,111.09.01
62216,16.48718077222465,93781.0,111.09.02
62232,17.001418957496796,106839.0,111.09.03
62248,15.367961086666936,99092.0,111.09.04
62266,13.713549638891884,46385.0,111.09.04
62279,13.96685668038988,56838.0,111.09.06
62295,12.44813974421483,106652.0,111.09.07
62311,12.96923339049378,90972.0,111.09.08
62327,16.43545136087874,90493.0,111.09.09
62343,16.69736540431964,98573.0,111.09.10
62357,16.80978362922499,93728.0,111.09.11
62373,17.32670262980445,44490.0,111.09.11
62388,15.05487616741038,60283.0,111.09.14
62404,16.986377155195225,94481.0,111.09.15
62420,18.53424171336194,82271.0,111.09.16
62436,17.701572377531154,99658.0,111.09.17
62452,18.696891709559743,100055.0,111.09.18
62470,19.271879513100888,48470.0,111.09.18
62483,21.77135699910076,46706.0,111.09.20
62498,25.082038231780164,83700.0,111.09.21
62522,29.26186949235011,36994.0,111.09.21
62530,30.030690828713773,57004.0,111.09.23
62546,28.743425979396804,107362.0,111.09.24
62562,26.63419222070976,93299.0,111.09.25
62580,25.86947905265364,42941.0,111.09.25
62592,26.490609404458247,36068.0,111.09.27
62608,24.882531905804456,74908.0,111.09.28
62624,23.908112969436747,68939.0,111.09.29
62640,24.392356227506134,66407.0,111.09.30
62656,26.97927761516383,70378.0,111.10.01
62672,31.704020159399917,59724.0,111.10.02
62691,34.10004287830357,25654.0,111.10.02
62703,31.78674028148618,44194.0,111.10.04
62719,30.793343238503507,82112.0,111.10.05
62735,29.90193688950527,70086.6,111.10.06
62750,29.91350024219654,67713.6,111.10.07
62765,29.07586238093392,77373.0,111.10.08
62780,29.118312654434572,76084.0,111.10.09
62798,29.75526914992994,34256.0,111.10.09
62811,30.3316201708286,44430.5,111.10.11
62827,31.16919909370968,80989.5,111.10.12
62843,32.505899700996444,73410.5,111.10.13
62859,32.00835888158386,80370.8,111.10.14
62875,30.865081029643484,93737.3,111.10.15
62891,27.33739146916009,110798.0,111.10.16
62909,24.7393661274348,60580.0,111.10.16
62922,20.968966801016528,61779.0,111.10.18
62938,22.062521063506956,131151.0,111.10.19
62962,23.036382113821137,69372.0,111.10.19
62970,18.687636453141348,81255.0,111.10.21
62986,18.317240068309587,160446.0,111.10.22
63002,17.257828984477825,143601.0,111.10.23
63020,16.422566371681416,64410.0,111.10.23
63033,16.2411715001358,66274.0,111.10.25
63049,16.764626441448755,123140.0,111.10.26
63065,17.239600325094422,104585.0,111.10.27
63081,16.495507451424256,106020.0,111.10.28
63097,15.501388598200055,124226.0,111.10.29
63113,15.651612632989863,119370.0,111.10.30
63131,16.400716624567313,53445.0,111.10.30
63144,15.191741646217697,66018.0,111.11.01
63160,14.92329811855736,117091.0,111.11.02
63176,15.070741527255954,104069.0,111.11.03
63192,15.486490873366174,105351.0,111.11.04
63208,14.425268267328397,119284.0,111.11.05
63224,14.280740446057834,120657.0,111.11.06
63242,15.074884603930911,53728.0,111.11.06
63255,16.11024290997072,72743.0,111.11.08
63271,15.49976508291522,133238.5,111.11.09
63287,13.588039107601457,117010.5,111.11.10
63303,11.914843905263066,115731.0,111.11.11
63319,11.754673114970323,113725.0,111.11.12
63335,12.175188881034783,108931.0,111.11.13
63353,12.342194333174085,54422.0,111.11.13
63366,12.631632556349238,51699.9,111.11.15
63382,12.85132554964007,119591.9,111.11.16
63406,13.018622223531493,67892.0,111.11.16
63414,12.031637894223143,81965.0,111.11.18
63430,11.595576514088831,154697.0,111.11.19
63446,10.954776170997292,138856.0,111.11.20
63464,10.79046488415704,66124.0,111.11.20
63477,9.66177587208004,67167.0,111.11.22
63493,10.092122329798675,130140.0,111.11.23
63509,10.07179266463745,112687.0,111.11.24
63525,9.426285532504714,88018.0,111.11.25
63541,10.054245981450114,84421.0,111.11.26
63557,11.364275727406406,82966.0,111.11.27
63575,12.299329696871014,36849.0,111.11.27
63588,12.23596257772096,86045.0,111.11.29
63604,11.504914595604962,162638.0,111.11.30
63620,10.666335789943211,150207.0,111.12.01
63636,9.852301877484692,137844.0,111.12.02
63652,8.885333818043877,126536.0,111.12.03
63668,10.644225406798205,113324.0,111.12.04
63686,12.86108628327257,51018.0,111.12.04
63699,13.66917204932472,54496.0,111.12.06
63715,13.10625068129792,110084.0,111.12.07
63731,13.269746752537934,128254.0,111.12.08
63747,14.01714789311972,145808.0,111.12.09
63763,14.211170529713913,132581.0,111.12.10
63779,14.335680929144656,123985.0,111.12.11
63797,14.455825302884763,64546.0,111.12.11
63810,16.22507864143585,95592.1,111.12.13
63826,15.555713170320985,200954.1,111.12.14
63850,14.948415937434747,105362.0,111.12.14
63858,16.879364551405626,83880.9,111.12.16
63874,16.463701403239355,160321.9,111.12.17
63890,16.009108214740788,130278.0,111.12.18
63908,16.011274773854414,53837.0,111.12.18
63920,19.556415208664696,79218.0,111.12.20
63936,18.18209617483498,153928.0,111.12.21
63952,16.47045179182979,142787.0,111.12.22
63968,15.81626136866714,128753.0,111.12.23
63984,15.708397277666933,126803.0,111.12.24
64000,16.562616296241597,108344.0,111.12.25
64018,17.450943932539026,42217.0,111.12.25
64031,20.67862200914849,45472.0,111.12.27
64047,21.339089561062604,103181.0,111.12.28
64063,22.00478715206066,97323.0,111.12.29
64079,22.89774432613044,86493.0,111.12.30
64095,23.15585690371111,91994.0,111.12.31
64111,24.31762739693896,85265.0,112.01.01
64129,25.993912826899127,40150.0,112.01.01
64141,30.794148690130783,47562.0,112.01.03
64157,29.92679696660553,107628.6,112.01.04
64173,26.99172481434308,119494.6,112.01.05
64189,23.34229703006893,108218.0,112.01.06
